{"type":"FeatureCollection","features":[{"type":"Feature","geometry":{"type":"Polygon","coordinates":[[[-123.1674857865166,45.859410515998384],[-123.16746105124432,45.85880974738316],[-123.16741173839846,45.85881115725212],[-123.16667447820484,45.858832226831645],[-123.16669924583962,45.859434020917085],[-123.16670354317155,45.859502515565794],[-123.16748745504312,45.859476392261556],[-123.1674857865166,45.859410515998384]]]},"properties":{"boundary_change":"1997-09","initial_date":"2/21/1997","completed_date":"2/21/1997","dor_approved":"Yes","dor_id":"5-171-1997","dor_date":"1/14/1997","image":"1997-09.tif","pdf_url":"https://geospatial-data.vernonia-or.gov/annexations/pdf/1997-09.pdf"}},{"type":"Feature","geometry":{"type":"Polygon","coordinates":[[[-123.2021830958506,45.856895036101115],[-123.20220909931923,45.85599204689086],[-123.20221245723319,45.85587536869048],[-123.20222859747656,45.85531501259233],[-123.2020322106596,45.8553235604495],[-123.20201662860765,45.85587147933887],[-123.20199714767975,45.85655662586694],[-123.20163226870748,45.856551353778684],[-123.20122016282303,45.85654540001866],[-123.20120999985379,45.85689469817582],[-123.2021830958506,45.856895036101115]]]},"properties":{"boundary_change":"1996-10","initial_date":"4/10/1996","completed_date":"5/17/1996","dor_approved":"Yes","dor_id":"5-159-1996","dor_date":"3/29/1996","image":"1996-17.tif","pdf_url":"https://geospatial-data.vernonia-or.gov/annexations/pdf/1996-17.pdf"}},{"type":"Feature","geometry":{"type":"Polygon","coordinates":[[[-123.16632123022117,45.857139014805924],[-123.16602358239327,45.857147387603796],[-123.16520086383765,45.85717051753628],[-123.1652178473799,45.85750490207567],[-123.1652217450109,45.85758161507677],[-123.16590883253059,45.85756174761368],[-123.16596827805648,45.85760013999268],[-123.16596561029932,45.85756003475079],[-123.16634289574502,45.85754908870102],[-123.16633931987583,45.85749443259731],[-123.16632123022117,45.857139014805924]]]},"properties":{"boundary_change":"1993-83","initial_date":"Unknown","completed_date":"4/16/1993","dor_approved":"Yes","dor_id":"5-112-92","dor_date":"6/23/1992","image":"1993-07.tif","pdf_url":"https://geospatial-data.vernonia-or.gov/annexations/pdf/1993-07.pdf"}},{"type":"Feature","geometry":{"type":"Polygon","coordinates":[[[-123.18591949599825,45.85816717165213],[-123.18591972945855,45.858280430604154],[-123.18592106659493,45.858281535615085],[-123.18592240244436,45.8582826406559],[-123.18592374344179,45.85828374557709],[-123.18592508443929,45.858284850498265],[-123.18592642916936,45.858285952631995],[-123.18592777261247,45.858287054795646],[-123.18592912103237,45.8582881532427],[-123.18593046949515,45.85828925258898],[-123.18593182169052,45.85829034914785],[-123.18593317401432,45.8582914484044],[-123.18593452989951,45.85829254127657],[-123.18593588595597,45.85829363774565],[-123.18593724574504,45.858294731427335],[-123.18593860536292,45.85829582151204],[-123.18593996888461,45.8582969124063],[-123.18594133240636,45.85829800330052],[-123.18594269575695,45.85829909059777],[-123.18594406687227,45.85830017861486],[-123.1859454340839,45.85830126582236],[-123.18594680507093,45.85830235114171],[-123.18594817987615,45.85830343547205],[-123.18595061664796,45.85830536564125],[-123.18595304608328,45.85830730408293],[-123.1859554591732,45.85830925100638],[-123.18595786093726,45.85831120359435],[-123.18596024768571,45.8583131655334],[-123.18596262319394,45.858315134935424],[-123.18596498737632,45.85831711000188],[-123.18596733911703,45.85831909435971],[-123.18596967695797,45.85832108444182],[-123.18597200231444,45.858323082916016],[-123.18597431634504,45.85832508705468],[-123.18597661531727,45.85832709964526],[-123.18597890296364,45.8583291179003],[-123.1859811755944,45.85833114550652],[-123.18598343943046,45.85833317781813],[-123.18598568438998,45.85833521957065],[-123.18598792184177,45.85833726599866],[-123.18599014427797,45.858339321777834],[-123.18599235152737,45.8583413833112],[-123.18599454745089,45.85834345050908],[-123.18599673088995,45.85834552609903],[-123.18599890047204,45.85834760831258],[-123.18600105739846,45.85834969532122],[-123.18600319930924,45.85835179168108],[-123.18600532985141,45.85835389280611],[-123.18600744396251,45.85835600061459],[-123.1860095481632,45.85835811675529],[-123.18601163589003,45.858360238680156],[-123.18601370843007,45.85836236635922],[-123.18601577350519,45.85836449961308],[-123.18601781966095,45.858366641408566],[-123.18601985324662,45.8583687897977],[-123.18602187675064,45.858370942922186],[-123.18602387996269,45.8583731028198],[-123.1860258757098,45.85837526829217],[-123.18602785249476,45.85837744140691],[-123.18602981786826,45.85837961838774],[-123.18603177204429,45.858381803730765],[-123.18603370974645,45.858383994857896],[-123.18603563230462,45.858386192638555],[-123.18603753963313,45.85838839527414],[-123.18603943563579,45.85839060357425],[-123.18604131649444,45.858392818527854],[-123.18604318474014,45.858395039175875],[-123.18604503904328,45.858397264648964],[-123.18604687691534,45.85839949680544],[-123.1860486996006,45.85840173471615],[-123.18605051083154,45.85840397559373],[-123.18605230571704,45.858406224953086],[-123.18605408670273,45.85840848003675],[-123.18605585494709,45.85841073811719],[-123.18605760817584,45.85841300554881],[-123.18605934604655,45.858415275137716],[-123.1860610687732,45.85841755138011],[-123.18606277884412,45.85841983241767],[-123.18606447119711,45.85842212016853],[-123.18606615093715,45.85842441361385],[-123.18606781922291,45.85842671002597],[-123.18606946841807,45.85842901138281],[-123.18607110508592,45.85843132023256],[-123.18607272395016,45.85843363399717],[-123.1860743300731,45.85843595075846],[-123.18607592100916,45.85843827327405],[-123.18607750066214,45.858440602353376],[-123.18607906109608,45.85844293367976],[-123.18608061020414,45.85844527067062],[-123.18608213889175,45.85844761173696],[-123.18608365638184,45.858449961165526],[-123.18608515838545,45.85845231005366],[-123.18608664537344,45.858454668293014],[-123.1860881157591,45.858457029618826],[-123.18608957597749,45.85845939388157],[-123.186091015861,45.858461764018216],[-123.18609244429022,45.85846413712169],[-123.18609385367158,45.858466516069136],[-123.18609525176986,45.858468901580366],[-123.18609662936205,45.858471289368524],[-123.18609799682973,45.85847368099287],[-123.1860993476523,45.85847607480447],[-123.18610068345922,45.85847847796722],[-123.18610200249259,45.85848088061954],[-123.1861033076689,45.85848328989544],[-123.1861045962001,45.85848570135855],[-123.1861058694588,45.858488116777515],[-123.18610712753062,45.85849053795072],[-123.18610837028714,45.8584929621805],[-123.18610959785678,45.858495392164556],[-123.18611080869564,45.85849782253735],[-123.18611200434763,45.858500258664435],[-123.18611318468432,45.85850269784811],[-123.18611435356664,45.858505139998606],[-123.18611550344392,45.858507588892344],[-123.18611663654762,45.85851003727563],[-123.18611775446445,45.85851249141317],[-123.18611885710874,45.85851494950651],[-123.18611994439492,45.858517409757226],[-123.18612101640856,45.85851987396374],[-123.18612206795892,45.85852234134649],[-123.18612310929913,45.858524810766895],[-123.1861241342082,45.858527286870725],[-123.18612514367351,45.85852976333346],[-123.18612613263271,45.858532242073146],[-123.18612711146737,45.85853472464902],[-123.18612806996714,45.8585372130988],[-123.1861290168841,45.85853970181775],[-123.18612994462477,45.858542193683014],[-123.18613085705009,45.858544688604844],[-123.18613175287302,45.858547186613166],[-123.18613263453925,45.85854968495047],[-123.18613349973153,45.858552189071965],[-123.18613434965125,45.85855469714928],[-123.18613518279734,45.85855720471612],[-123.1861359980542,45.85855971539938],[-123.18613680056959,45.85856222907942],[-123.18613758382308,45.85856474410731],[-123.18613835570778,45.85856726390049],[-123.18613910828773,45.858569784142304],[-123.18613984559514,45.85857230833996],[-123.18614056612894,45.85857483202716],[-123.18614127139014,45.858577359670186],[-123.18614195743223,45.85857988956028],[-123.18614263206273,45.85858242331647],[-123.18614328610144,45.85858495755121],[-123.18614392594057,45.85858749121568],[-123.18614454934853,45.85859003156358],[-123.18614515714145,45.85859256867344],[-123.18614574979024,45.85859511243682],[-123.18614632184722,45.85859765667877],[-123.18614688232137,45.85860020118985],[-123.18614742486338,45.85860274791808],[-123.18614795071736,45.85860529593438],[-123.18614845996892,45.8586078470372],[-123.1861489550637,45.85861039846897],[-123.18614943355607,45.85861295298728],[-123.18614989274367,45.85861550795418],[-123.18615033648743,45.858618063279984],[-123.18615076873395,45.8586206206734],[-123.18615118171849,45.85862317941472],[-123.18615157423962,45.858625741332226],[-123.18615195517792,45.85862830351894],[-123.18615231681139,45.85863086615424],[-123.18615266686201,45.85863342905878],[-123.18615299632081,45.85863599244181],[-123.1861533117512,45.858638558851524],[-123.18615360658978,45.85864112573979],[-123.18615388984549,45.8586436928972],[-123.18615415263777,45.85864626323086],[-123.18615440114482,45.85864883119582],[-123.18615463309222,45.85865140314654],[-123.18615485071156,45.85865397182929],[-123.18615505044144,45.858656543628484],[-123.18615523215352,45.85865911584638],[-123.18615539842173,45.85866168842317],[-123.18615554795907,45.85866426138878],[-123.18615568205256,45.858666834713276],[-123.18615580070215,45.85866940839671],[-123.18615590004693,45.85867198252874],[-123.18615612821914,45.85867455636758],[-123.18615261955131,45.85750957960119],[-123.18615828552788,45.85747038089113],[-123.18623526312756,45.85693788351185],[-123.18631020820645,45.85695445407409],[-123.18631389553008,45.85695526589931],[-123.18631758272541,45.85695607502674],[-123.18632127206664,45.85695687510189],[-123.18632496260933,45.856957673348596],[-123.18632865555479,45.85695846793842],[-123.18633234953046,45.856959257102815],[-123.18633604715308,45.856960041681276],[-123.18633974447611,45.85696081996497],[-123.18634344810556,45.8569615954013],[-123.18634714890442,45.85696236550193],[-123.18635085716822,45.85696313002763],[-123.18635456140002,45.85696389104601],[-123.18635827313959,45.856964647388686],[-123.18636198462244,45.856965398335845],[-123.18636569580572,45.85696614298828],[-123.18636941076433,45.85696688575241],[-123.18637312928423,45.856967622132046],[-123.18637684771859,45.85696835671317],[-123.18638056572499,45.8569690823018],[-123.18638429132476,45.85696980501321],[-123.18638801293535,45.85697052511651],[-123.18639173802161,45.85697123703691],[-123.18639546684038,45.85697194616978],[-123.18639920055026,45.85697264978748],[-123.18640292898394,45.85697335082703],[-123.18640666483978,45.85697404539235],[-123.18641040048162,45.85697473546144],[-123.18641413582395,45.856975419235766],[-123.18641787622856,45.856976101091895],[-123.18642161504663,45.856976776683204],[-123.18642535746875,45.85697744678927],[-123.18642910109237,45.85697811506688],[-123.18643284686182,45.85697877429221],[-123.1864365976508,45.85697943070009],[-123.1864403431636,45.856980084529816],[-123.18644409725707,45.85698072915771],[-123.18644784997801,45.85698137201695],[-123.18645160385762,45.85698201214847],[-123.18645535988307,45.856982643227745],[-123.18645911710998,45.856983272478544],[-123.18646287661115,45.856983895374775],[-123.18646663718536,45.856984513744855],[-123.18647040144928,45.856985128428114],[-123.18647416416941,45.856985737745795],[-123.18647792791977,45.85698634163806],[-123.18648169527418,45.85698694004509],[-123.18648546507416,45.85698753569452],[-123.18648923590429,45.856988125918484],[-123.18649300647766,45.85698871074698],[-123.18649678078354,45.856989292787915],[-123.18650055350282,45.856989868564035],[-123.18650433115599,45.85699043972425],[-123.18650810850954,45.856991004589716],[-123.1865118895956,45.8569915666676],[-123.18651567033923,45.85699212155158],[-123.18651945104016,45.85699267553618],[-123.18652323521671,45.85699322133785],[-123.1865270192649,45.85699376444171],[-123.18653080691715,45.856994302060336],[-123.1865345943126,45.85699483428344],[-123.18653838145127,45.85699536111109],[-123.18654217227962,45.85699588425191],[-123.18654596675484,45.85699640280675],[-123.18654975706959,45.856996915156564],[-123.18655355115962,45.8569974256181],[-123.1865573486825,45.856997926997416],[-123.1865611461198,45.8569984265782],[-123.18656494338595,45.85699892256195],[-123.1865687441277,45.856999410362725],[-123.18657254474108,45.856999895465684],[-123.18657634638465,45.85700037514328],[-123.18658015034528,45.8570008493655],[-123.18658395413475,45.85700131999065],[-123.18658776157103,45.85700178602986],[-123.18659156617667,45.857002246733366],[-123.18659537691742,45.857002700992545],[-123.1865991835833,45.857003150845244],[-123.18660299522583,45.85700359698119],[-123.18660680918543,45.857004037661824],[-123.1866106191558,45.85700447573442],[-123.18661443393157,45.85700490649338],[-123.18661825111002,45.857005333595446],[-123.18662206412799,45.85700575449253],[-123.18662588207978,45.85700617077368],[-123.18662970247708,45.857006584297196],[-123.18663352004369,45.857006992485054],[-123.18663733988454,45.85700739431831],[-123.18664116465919,45.85700779153567],[-123.18664498411485,45.85700818527563],[-123.18664880837588,45.85700857170199],[-123.18665263117872,45.85700895456119],[-123.18665645900101,45.857009334602935],[-123.18666028515108,45.857009706581394],[-123.18666411245971,45.8570100758321],[-123.1866679420854,45.857010439627516],[-123.1866717688804,45.857010798087245],[-123.18667560314029,45.85701115097198],[-123.18667943208109,45.857011500379315],[-123.18668326595575,45.857011845170746],[-123.18668709953077,45.85701218366741],[-123.1866909317332,45.85701252039543],[-123.18669476479455,45.85701284810109],[-123.18669860158835,45.85701317301921],[-123.18670243688112,45.857013493470966],[-123.18670627328969,45.85701381029576],[-123.18671011317385,45.85701411893761],[-123.1867139516426,45.857014424911576],[-123.1867177910987,45.85701472456087],[-123.18672163034076,45.85701501971389],[-123.18672547331526,45.857015312079376],[-123.18672931599014,45.8570155981501],[-123.18673315716396,45.85701587975449],[-123.18673699932513,45.857016155034195],[-123.1867408450903,45.85701642482868],[-123.18674469076988,45.85701669282458],[-123.1867485361498,45.85701695452572],[-123.18675238127288,45.85701721083137],[-123.1867562288414,45.857017464379354],[-123.18676007731166,45.857017709804275],[-123.18676392565347,45.85701795253134],[-123.1867677736956,45.85701818896367],[-123.18677162152372,45.85701842089974],[-123.18677547304145,45.85701864914899],[-123.18677932434517,45.85701887290202],[-123.18678317534916,45.85701909036027],[-123.18678702613916,45.85701930332229],[-123.18679087662944,45.85701950998953],[-123.1867947308522,45.85701971386922],[-123.18679858481808,45.85701991235341],[-123.18680243852708,45.857020105442096],[-123.18680629197925,45.85702029313527],[-123.18681014530299,45.857020478130636],[-123.18681400205944,45.85702065404381],[-123.18681785873031,45.857020828158404],[-123.18682171522993,45.85702099867596],[-123.18682557138705,45.857021161999555],[-123.18682942737291,45.85702132172607],[-123.18683328310192,45.857021476057106],[-123.18683714247774,45.85702162580216],[-123.18684100155384,45.857021769252434],[-123.18684485664069,45.85702191009464],[-123.18684871520304,45.85702204275391],[-123.18685257745503,45.85702217172636],[-123.18685643576052,45.85702229899001],[-123.18686029496772,45.857022418130526],[-123.1868641565775,45.857022533614156],[-123.18686801797321,45.85702264460152],[-123.18687187520838,45.85702274938391],[-123.18687573609036,45.85702284958028],[-123.18687960066192,45.85702294608985],[-123.18688346098729,45.85702303459593],[-123.18688732247122,45.85702312037432],[-123.18689118640057,45.857023203395066],[-123.18689504608375,45.85702327841234],[-123.18689890949932,45.857023350642066],[-123.18690277252956,45.85702341477859],[-123.18690663165614,45.85702347810549],[-123.18691049558804,45.85702353411882],[-123.18691436179411,45.85702358377752],[-123.18691822405368,45.857023631727394],[-123.18692208601354,45.85702367338254],[-123.18692594771649,45.85702370964217],[-123.18692981443886,45.85702374308435],[-123.18693367562804,45.857023768552956],[-123.18693754054961,45.85702379123402],[-123.18694140135342,45.857023808609334],[-123.1869452657612,45.857023820499386],[-123.18694913132751,45.85702382966171],[-123.18695299517867,45.8570238298615],[-123.18695685894417,45.85702382826274],[-123.18696072240998,45.85702382036921],[-123.18696458707711,45.8570238106472],[-123.18696845002911,45.857023791962675],[-123.18697231285262,45.85702377058035],[-123.18697617541925,45.85702374380249],[-123.18698003772894,45.85702371162915],[-123.18698390106871,45.857023674030366],[-123.1869877668539,45.85702363367393],[-123.18699162852135,45.85702358801175],[-123.18699548988903,45.85702353605483],[-123.18699935619046,45.857023479481995],[-123.18700321721558,45.857023420331],[-123.18700707781251,45.85702335218756],[-123.18701094214185,45.85702328125654],[-123.1870148036404,45.85702320498987],[-123.18701866762714,45.85702312686478],[-123.18702252732487,45.85702303983704],[-123.18702638689412,45.85702295011146],[-123.18703025135426,45.85702285487069],[-123.18703411036685,45.85702275345487],[-123.18703797315463,45.85702265015072],[-123.18704183169616,45.85702253884312],[-123.18704569521425,45.85702242381878],[-123.18704955337039,45.85702230441788],[-123.18705341135522,45.85702218141991],[-123.18705727414535,45.85702205110831],[-123.18706113161635,45.85702191731933],[-123.18706498883039,45.85702177813484],[-123.18706884578751,45.85702163355485],[-123.18707270248768,45.857021483579366],[-123.18707656420723,45.85702133078639],[-123.187080420522,45.857021172717594],[-123.187084276537,45.85702100835403],[-123.18708813233788,45.85702083949422],[-123.18709198912602,45.85702066430973],[-123.18709584454147,45.85702048735659],[-123.1870996957963,45.85702030419847],[-123.1871035506979,45.85702011645434],[-123.18710740658669,45.857019922385525],[-123.18711126106,45.85701972564884],[-123.18711511128708,45.85701952090869],[-123.18711896524651,45.85701931338098],[-123.18712281508814,45.85701910054754],[-123.18712666604546,45.85701888408708],[-123.18713051923402,45.85701866037286],[-123.18713436843325,45.8570184340506],[-123.18713821733272,45.857018201433604],[-123.18714206614652,45.857017967018],[-123.18714591581904,45.85701772358006],[-123.18714976021526,45.857017477563964],[-123.18715360821537,45.85701722606262],[-123.18715745209765,45.85701696925555],[-123.18716129958383,45.857016706963186],[-123.18716514308066,45.85701644206279],[-123.18716898619209,45.857016169069205],[-123.18717283046199,45.857015893347885],[-123.1871766733164,45.85701561495865],[-123.18718051574255,45.85701532757699],[-123.18718435808303,45.85701503839675],[-123.18718819626287,45.85701474301157],[-123.18719203804659,45.85701444214107],[-123.1871958757125,45.857014135964874],[-123.1871997132927,45.85701382799008],[-123.18720355044468,45.85701351102288],[-123.18720738875513,45.857013191327916],[-123.18721122565009,45.85701286896504],[-123.1872150582559,45.85701253769954],[-123.18721889463691,45.85701220454568],[-123.18722272677161,45.85701186338842],[-123.18722655886344,45.857011521331756],[-123.18723039061268,45.857011172081165],[-123.18723421820124,45.85701081662559],[-123.18723804952214,45.85701045838243],[-123.18724187672521,45.85701009483355],[-123.18724570371413,45.85700972678842],[-123.18724953053169,45.8570093551462],[-123.1872533570923,45.85700897810849],[-123.18725718322459,45.857008592078344],[-123.18726100553883,45.857008207037076],[-123.18726482746763,45.85700781390264],[-123.18726864909658,45.85700741447346],[-123.18727247063985,45.85700701324568],[-123.18727629188331,45.8570066057232],[-123.18728010789322,45.85700619652181],[-123.18728392476186,45.857005778298074],[-123.18728774150195,45.857005357376515],[-123.18729155798506,45.85700493105944],[-123.18729537035031,45.85700449943666],[-123.18729918245857,45.857004062418355],[-123.18730299829916,45.85700362261251],[-123.18730680616105,45.85700317759069],[-123.18731061633979,45.857002727113496],[-123.18731442364485,45.8570022704014],[-123.1873182308642,45.85700181189077],[-123.18732203765526,45.85700134438768],[-123.18732584444628,45.85700087688448],[-123.18732964574679,45.85700040230702],[-123.18733344803444,45.85699992140491],[-123.18733725019358,45.85699943780497],[-123.18734104823486,45.85699894889929],[-123.18734484859299,45.856998454538285],[-123.18734864624871,45.8569979575393],[-123.18735243961528,45.85699745163763],[-123.18735623546999,45.8569969438776],[-123.18736002845101,45.85699642988262],[-123.18736382134634,45.856995914089104],[-123.18736760866548,45.85699538942285],[-123.18737140104676,45.85699486283833],[-123.18737518926736,45.85699433004883],[-123.18737897208307,45.856993791983534],[-123.1873827599181,45.856993251100725],[-123.18738654234828,45.85699270494212],[-123.1873903258084,45.85699215335808],[-123.18739410386368,45.85699159649825],[-123.1873978830774,45.85699103691066],[-123.18740166070428,45.85699047105828],[-123.18740543940395,45.85698990067973],[-123.18740921265594,45.856989324126076],[-123.18741298698069,45.85698874304631],[-123.18741675984708,45.85698815839937],[-123.18742052988262,45.85698756841679],[-123.18742429837411,45.85698697306864],[-123.18742806287621,45.85698637511244],[-123.18743183226911,45.85698577164108],[-123.18743559625715,45.856985162893885],[-123.18743935741426,45.85698454881107],[-123.1874431170274,45.856983929362634],[-123.18744687646911,45.85698330631718],[-123.18745063698364,45.85698267874555],[-123.18745439205047,45.856982044998844],[-123.18745814703153,45.85698140945361],[-123.18746189785189,45.85698076770339],[-123.1874656497022,45.85698012052776],[-123.18746940000848,45.85697946798655],[-123.1874731461969,45.856978810139594],[-123.18747689225671,45.85697814959487],[-123.1874806380595,45.856977483654624],[-123.18748437974438,45.85697681240865],[-123.18748812258772,45.85697613843497],[-123.18749185998331,45.85697545828622],[-123.1874955971647,45.856974773641234],[-123.18749933404621,45.856974082701505],[-123.18750306698112,45.856973390052985],[-123.18750679961619,45.856972691109725],[-123.18751052813332,45.85697198686072],[-123.1875142563934,45.856971277216246],[-123.18751798452493,45.856970564873976],[-123.18752170853854,45.85696984722597],[-123.18752542843426,45.856969124272254],[-123.18752915193377,45.856968395833256],[-123.18753287015687,45.85696766481614],[-123.18753658550622,45.85696692756416],[-123.18754030064133,45.856966185815935],[-123.18754401547658,45.856965437772935],[-123.18754772636522,45.85696468802116],[-123.18755143695397,45.85696393197468],[-123.18755514226628,45.85696317335005],[-123.18755884848007,45.85696240660231],[-123.18756255070441,45.85696163724657],[-123.18756625138472,45.85696086252525],[-123.18756994936257,45.85696008516598],[-123.18757364695486,45.85695929971354],[-123.18757734313161,45.85695851159322],[-123.18758103643458,45.85695771723796],[-123.18758472965177,45.85695692108421],[-123.18758841742127,45.85695611875537],[-123.18759210240263,45.856955311990156],[-123.18759578965796,45.85695449887036],[-123.18759947035001,45.85695368320237],[-123.18760314949802,45.856952862168846],[-123.1876068296759,45.85695203570987],[-123.18761050444888,45.8569512039751],[-123.18761417909327,45.856950369542524],[-123.18761785090673,45.85694952977435],[-123.18762152117613,45.856948684640585],[-123.18762518741323,45.85694783599953],[-123.18762885472312,45.856946982832355],[-123.1876325165852,45.856946123490104],[-123.18763617836157,45.85694526234929],[-123.18763983584867,45.856944392305884],[-123.18764349449415,45.85694351953469],[-123.18764714786323,45.85694264418543],[-123.18765080084671,45.85694176074298],[-123.18765444984076,45.85694087469249],[-123.18765809484536,45.85693998603401],[-123.18766173946436,45.856939089282314],[-123.18766538395481,45.85693818983285],[-123.18766902432729,45.85693728507766],[-123.18767266066749,45.85693637681521],[-123.18767629666496,45.856935461358795],[-123.18767993249098,45.856934542305375],[-123.18768356046671,45.8569336207337],[-123.18768719196053,45.85693269187831],[-123.18769081556121,45.856931759605445],[-123.1876944390333,45.85693082463475],[-123.1876980621198,45.85692988157091],[-123.18770167992986,45.856928935928956],[-123.18770529490895,45.85692798495137],[-123.18770890971662,45.85692703037674],[-123.18771252044915,45.85692607139565],[-123.18771612963762,45.856925107049],[-123.1877197359523,45.85692413646746],[-123.18772333703335,45.85692316420709],[-123.18772693910145,45.85692218562206],[-123.18773054091248,45.85692120164155],[-123.18773413358619,45.8569202151727],[-123.1877377273326,45.85691922417771],[-123.1877413194921,45.85691822691791],[-123.1877449089063,45.856917226120885],[-123.18774849295839,45.85691622094735],[-123.18775207675338,45.85691521037833],[-123.18775565784588,45.85691419717139],[-123.18775923349061,45.856913177789394],[-123.18776280892105,45.856912153911175],[-123.18776638164903,45.85691112739502],[-123.18776995279006,45.85691009461405],[-123.18777351981316,45.85690905652737],[-123.18777708284676,45.85690801583267],[-123.18778064553761,45.85690696794407],[-123.18778420561162,45.85690591921597],[-123.1877877601522,45.856904862514384],[-123.18779131456418,45.85690380311502],[-123.18779486494381,45.85690274020836],[-123.1877984149807,45.85690167010782],[-123.18780196102809,45.85690059739926],[-123.18780550291469,45.85689951848573],[-123.18780903956768,45.85689843789337],[-123.1878125772077,45.856897350976354],[-123.18781611077254,45.85689625965289],[-123.18781964416598,45.8568951647324],[-123.18782317344142,45.85689406450619],[-123.1878266973119,45.8568929590042],[-123.18782844078424,45.85711003384594],[-123.1890226054154,45.85657703697691],[-123.18946873169325,45.85649500618753],[-123.19119748963499,45.85647500574866],[-123.19111964197722,45.8564290640065],[-123.19111104352687,45.85642398707843],[-123.19110417085139,45.85641935609067],[-123.19096733112418,45.85636194602457],[-123.19082756757861,45.856307166815235],[-123.19073510240007,45.85626151561793],[-123.19070491503564,45.85624022854561],[-123.19065284488069,45.85620351237573],[-123.19059735452062,45.8561431593373],[-123.19056672901552,45.85609598111579],[-123.19053713997071,45.856022765816604],[-123.1905254996735,45.85594740155869],[-123.1905271012305,45.85576330397036],[-123.19052940719389,45.855579145860084],[-123.19053417488895,45.85539614393611],[-123.19052892927914,45.85530538816542],[-123.19050433461375,45.85521702009727],[-123.19046032503338,45.85511617221009],[-123.19038810642138,45.85495068750097],[-123.1903628134416,45.85494600272879],[-123.19026766159001,45.85491401435818],[-123.19020775720658,45.85488567332091],[-123.19015125501454,45.85485486566468],[-123.1900606025953,45.854799911145705],[-123.18996900277591,45.85474588873752],[-123.18987671710934,45.85469690728679],[-123.18978235537777,45.85464985645417],[-123.18966267574974,45.85459353545194],[-123.18954154128917,45.85453874346101],[-123.18945454372214,45.85450144240009],[-123.18936601586408,45.85446579279067],[-123.18926170589978,45.85442859555335],[-123.1891538947683,45.854396028531035],[-123.18909548269599,45.85438173175779],[-123.18903576707244,45.85437076461405],[-123.1889393895738,45.85436106269771],[-123.18884277816363,45.854351912581],[-123.1887644212413,45.85433925354226],[-123.18869083856804,45.85431809777901],[-123.188617382566,45.85428724178544],[-123.18854423727059,45.85425614536051],[-123.18845594864133,45.85421808680438],[-123.18836717875763,45.85418057861271],[-123.18817884850058,45.85410788892743],[-123.1879892532243,45.854036786656884],[-123.18778156404338,45.85395651205753],[-123.18757403452726,45.8538760335334],[-123.18743275528743,45.853820984057464],[-123.18729151394689,45.85376588582095],[-123.18711024311268,45.85369469572499],[-123.1869287270013,45.85362380993082],[-123.1867004225002,45.85353702966212],[-123.18647143056795,45.85345113815392],[-123.18627075153408,45.85337584276685],[-123.1860700674144,45.85330056426423],[-123.18597735195374,45.85326538215409],[-123.18588465080985,45.85323017353256],[-123.1857911750249,45.85319633497935],[-123.18569680059886,45.853163724437636],[-123.18558459454675,45.85341018398681],[-123.18555473908279,45.85347576777559],[-123.18552487968884,45.853541351644715],[-123.18454242784706,45.85569920894121],[-123.18585142973194,45.85599012583869],[-123.18549449664539,45.85677408812036],[-123.1861205825053,45.856912525632595],[-123.18603945765936,45.85747373742298],[-123.18603585882016,45.85749863123611],[-123.18603695551984,45.85802812299924],[-123.18591920809165,45.85802824497284],[-123.18591949599825,45.85816717165213]]]},"properties":{"boundary_change":"1993-84","initial_date":"Unknown","completed_date":"4/16/1993","dor_approved":"Yes","dor_id":"5-113-92","dor_date":"6/23/1992","image":"1993-09.tif","pdf_url":"https://geospatial-data.vernonia-or.gov/annexations/pdf/1993-09.pdf"}},{"type":"Feature","geometry":{"type":"Polygon","coordinates":[[[-123.18615828552788,45.85747038089113],[-123.18615261955131,45.85750957960119],[-123.18733008452556,45.857508411471755],[-123.18736903851219,45.85750258605661],[-123.18783150682385,45.85749147249223],[-123.18782844078424,45.85711003384594],[-123.1878266973119,45.8568929590042],[-123.18782317344142,45.85689406450619],[-123.18781964416598,45.8568951647324],[-123.18781611077254,45.85689625965289],[-123.1878125772077,45.856897350976354],[-123.18780903956768,45.85689843789337],[-123.18780550291469,45.85689951848573],[-123.18780196102809,45.85690059739926],[-123.1877984149807,45.85690167010782],[-123.18779486494381,45.85690274020836],[-123.18779131456418,45.85690380311502],[-123.1877877601522,45.856904862514384],[-123.18778420561162,45.85690591921597],[-123.18778064553761,45.85690696794407],[-123.18777708284676,45.85690801583267],[-123.18777351981316,45.85690905652737],[-123.18776995279006,45.85691009461405],[-123.18776638164903,45.85691112739502],[-123.18776280892105,45.856912153911175],[-123.18775923349061,45.856913177789394],[-123.18775565784588,45.85691419717139],[-123.18775207675338,45.85691521037833],[-123.18774849295839,45.85691622094735],[-123.1877449089063,45.856917226120885],[-123.1877413194921,45.85691822691791],[-123.1877377273326,45.85691922417771],[-123.18773413358619,45.8569202151727],[-123.18773054091248,45.85692120164155],[-123.18772693910145,45.85692218562206],[-123.18772333703335,45.85692316420709],[-123.1877197359523,45.85692413646746],[-123.18771612963762,45.856925107049],[-123.18771252044915,45.85692607139565],[-123.18770890971662,45.85692703037674],[-123.18770529490895,45.85692798495137],[-123.18770167992986,45.856928935928956],[-123.1876980621198,45.85692988157091],[-123.1876944390333,45.85693082463475],[-123.18769081556121,45.856931759605445],[-123.18768719196053,45.85693269187831],[-123.18768356046671,45.8569336207337],[-123.18767993249098,45.856934542305375],[-123.18767629666496,45.856935461358795],[-123.18767266066749,45.85693637681521],[-123.18766902432729,45.85693728507766],[-123.18766538395481,45.85693818983285],[-123.18766173946436,45.856939089282314],[-123.18765809484536,45.85693998603401],[-123.18765444984076,45.85694087469249],[-123.18765080084671,45.85694176074298],[-123.18764714786323,45.85694264418543],[-123.18764349449415,45.85694351953469],[-123.18763983584867,45.856944392305884],[-123.18763617836157,45.85694526234929],[-123.1876325165852,45.856946123490104],[-123.18762885472312,45.856946982832355],[-123.18762518741323,45.85694783599953],[-123.18762152117613,45.856948684640585],[-123.18761785090673,45.85694952977435],[-123.18761417909327,45.856950369542524],[-123.18761050444888,45.8569512039751],[-123.1876068296759,45.85695203570987],[-123.18760314949802,45.856952862168846],[-123.18759947035001,45.85695368320237],[-123.18759578965796,45.85695449887036],[-123.18759210240263,45.856955311990156],[-123.18758841742127,45.85695611875537],[-123.18758472965177,45.85695692108421],[-123.18758103643458,45.85695771723796],[-123.18757734313161,45.85695851159322],[-123.18757364695486,45.85695929971354],[-123.18756994936257,45.85696008516598],[-123.18756625138472,45.85696086252525],[-123.18756255070441,45.85696163724657],[-123.18755884848007,45.85696240660231],[-123.18755514226628,45.85696317335005],[-123.18755143695397,45.85696393197468],[-123.18754772636522,45.85696468802116],[-123.18754401547658,45.856965437772935],[-123.18754030064133,45.856966185815935],[-123.18753658550622,45.85696692756416],[-123.18753287015687,45.85696766481614],[-123.18752915193377,45.856968395833256],[-123.18752542843426,45.856969124272254],[-123.18752170853854,45.85696984722597],[-123.18751798452493,45.856970564873976],[-123.1875142563934,45.856971277216246],[-123.18751052813332,45.85697198686072],[-123.18750679961619,45.856972691109725],[-123.18750306698112,45.856973390052985],[-123.18749933404621,45.856974082701505],[-123.1874955971647,45.856974773641234],[-123.18749185998331,45.85697545828622],[-123.18748812258772,45.85697613843497],[-123.18748437974438,45.85697681240865],[-123.1874806380595,45.856977483654624],[-123.18747689225671,45.85697814959487],[-123.1874731461969,45.856978810139594],[-123.18746940000848,45.85697946798655],[-123.1874656497022,45.85698012052776],[-123.18746189785189,45.85698076770339],[-123.18745814703153,45.85698140945361],[-123.18745439205047,45.856982044998844],[-123.18745063698364,45.85698267874555],[-123.18744687646911,45.85698330631718],[-123.1874431170274,45.856983929362634],[-123.18743935741426,45.85698454881107],[-123.18743559625715,45.856985162893885],[-123.18743183226911,45.85698577164108],[-123.18742806287621,45.85698637511244],[-123.18742429837411,45.85698697306864],[-123.18742052988262,45.85698756841679],[-123.18741675984708,45.85698815839937],[-123.18741298698069,45.85698874304631],[-123.18740921265594,45.856989324126076],[-123.18740543940395,45.85698990067973],[-123.18740166070428,45.85699047105828],[-123.1873978830774,45.85699103691066],[-123.18739410386368,45.85699159649825],[-123.1873903258084,45.85699215335808],[-123.18738654234828,45.85699270494212],[-123.1873827599181,45.856993251100725],[-123.18737897208307,45.856993791983534],[-123.18737518926736,45.85699433004883],[-123.18737140104676,45.85699486283833],[-123.18736760866548,45.85699538942285],[-123.18736382134634,45.856995914089104],[-123.18736002845101,45.85699642988262],[-123.18735623546999,45.8569969438776],[-123.18735243961528,45.85699745163763],[-123.18734864624871,45.8569979575393],[-123.18734484859299,45.856998454538285],[-123.18734104823486,45.85699894889929],[-123.18733725019358,45.85699943780497],[-123.18733344803444,45.85699992140491],[-123.18732964574679,45.85700040230702],[-123.18732584444628,45.85700087688448],[-123.18732203765526,45.85700134438768],[-123.1873182308642,45.85700181189077],[-123.18731442364485,45.8570022704014],[-123.18731061633979,45.857002727113496],[-123.18730680616105,45.85700317759069],[-123.18730299829916,45.85700362261251],[-123.18729918245857,45.857004062418355],[-123.18729537035031,45.85700449943666],[-123.18729155798506,45.85700493105944],[-123.18728774150195,45.857005357376515],[-123.18728392476186,45.857005778298074],[-123.18728010789322,45.85700619652181],[-123.18727629188331,45.8570066057232],[-123.18727247063985,45.85700701324568],[-123.18726864909658,45.85700741447346],[-123.18726482746763,45.85700781390264],[-123.18726100553883,45.857008207037076],[-123.18725718322459,45.857008592078344],[-123.1872533570923,45.85700897810849],[-123.18724953053169,45.8570093551462],[-123.18724570371413,45.85700972678842],[-123.18724187672521,45.85701009483355],[-123.18723804952214,45.85701045838243],[-123.18723421820124,45.85701081662559],[-123.18723039061268,45.857011172081165],[-123.18722655886344,45.857011521331756],[-123.18722272677161,45.85701186338842],[-123.18721889463691,45.85701220454568],[-123.1872150582559,45.85701253769954],[-123.18721122565009,45.85701286896504],[-123.18720738875513,45.857013191327916],[-123.18720355044468,45.85701351102288],[-123.1871997132927,45.85701382799008],[-123.1871958757125,45.857014135964874],[-123.18719203804659,45.85701444214107],[-123.18718819626287,45.85701474301157],[-123.18718435808303,45.85701503839675],[-123.18718051574255,45.85701532757699],[-123.1871766733164,45.85701561495865],[-123.18717283046199,45.857015893347885],[-123.18716898619209,45.857016169069205],[-123.18716514308066,45.85701644206279],[-123.18716129958383,45.857016706963186],[-123.18715745209765,45.85701696925555],[-123.18715360821537,45.85701722606262],[-123.18714976021526,45.857017477563964],[-123.18714591581904,45.85701772358006],[-123.18714206614652,45.857017967018],[-123.18713821733272,45.857018201433604],[-123.18713436843325,45.8570184340506],[-123.18713051923402,45.85701866037286],[-123.18712666604546,45.85701888408708],[-123.18712281508814,45.85701910054754],[-123.18711896524651,45.85701931338098],[-123.18711511128708,45.85701952090869],[-123.18711126106,45.85701972564884],[-123.18710740658669,45.857019922385525],[-123.1871035506979,45.85702011645434],[-123.1870996957963,45.85702030419847],[-123.18709584454147,45.85702048735659],[-123.18709198912602,45.85702066430973],[-123.18708813233788,45.85702083949422],[-123.187084276537,45.85702100835403],[-123.187080420522,45.857021172717594],[-123.18707656420723,45.85702133078639],[-123.18707270248768,45.857021483579366],[-123.18706884578751,45.85702163355485],[-123.18706498883039,45.85702177813484],[-123.18706113161635,45.85702191731933],[-123.18705727414535,45.85702205110831],[-123.18705341135522,45.85702218141991],[-123.18704955337039,45.85702230441788],[-123.18704569521425,45.85702242381878],[-123.18704183169616,45.85702253884312],[-123.18703797315463,45.85702265015072],[-123.18703411036685,45.85702275345487],[-123.18703025135426,45.85702285487069],[-123.18702638689412,45.85702295011146],[-123.18702252732487,45.85702303983704],[-123.18701866762714,45.85702312686478],[-123.1870148036404,45.85702320498987],[-123.18701094214185,45.85702328125654],[-123.18700707781251,45.85702335218756],[-123.18700321721558,45.857023420331],[-123.18699935619046,45.857023479481995],[-123.18699548988903,45.85702353605483],[-123.18699162852135,45.85702358801175],[-123.1869877668539,45.85702363367393],[-123.18698390106871,45.857023674030366],[-123.18698003772894,45.85702371162915],[-123.18697617541925,45.85702374380249],[-123.18697231285262,45.85702377058035],[-123.18696845002911,45.857023791962675],[-123.18696458707711,45.8570238106472],[-123.18696072240998,45.85702382036921],[-123.18695685894417,45.85702382826274],[-123.18695299517867,45.8570238298615],[-123.18694913132751,45.85702382966171],[-123.1869452657612,45.857023820499386],[-123.18694140135342,45.857023808609334],[-123.18693754054961,45.85702379123402],[-123.18693367562804,45.857023768552956],[-123.18692981443886,45.85702374308435],[-123.18692594771649,45.85702370964217],[-123.18692208601354,45.85702367338254],[-123.18691822405368,45.857023631727394],[-123.18691436179411,45.85702358377752],[-123.18691049558804,45.85702353411882],[-123.18690663165614,45.85702347810549],[-123.18690277252956,45.85702341477859],[-123.18689890949932,45.857023350642066],[-123.18689504608375,45.85702327841234],[-123.18689118640057,45.857023203395066],[-123.18688732247122,45.85702312037432],[-123.18688346098729,45.85702303459593],[-123.18687960066192,45.85702294608985],[-123.18687573609036,45.85702284958028],[-123.18687187520838,45.85702274938391],[-123.18686801797321,45.85702264460152],[-123.1868641565775,45.857022533614156],[-123.18686029496772,45.857022418130526],[-123.18685643576052,45.85702229899001],[-123.18685257745503,45.85702217172636],[-123.18684871520304,45.85702204275391],[-123.18684485664069,45.85702191009464],[-123.18684100155384,45.857021769252434],[-123.18683714247774,45.85702162580216],[-123.18683328310192,45.857021476057106],[-123.18682942737291,45.85702132172607],[-123.18682557138705,45.857021161999555],[-123.18682171522993,45.85702099867596],[-123.18681785873031,45.857020828158404],[-123.18681400205944,45.85702065404381],[-123.18681014530299,45.857020478130636],[-123.18680629197925,45.85702029313527],[-123.18680243852708,45.857020105442096],[-123.18679858481808,45.85701991235341],[-123.1867947308522,45.85701971386922],[-123.18679087662944,45.85701950998953],[-123.18678702613916,45.85701930332229],[-123.18678317534916,45.85701909036027],[-123.18677932434517,45.85701887290202],[-123.18677547304145,45.85701864914899],[-123.18677162152372,45.85701842089974],[-123.1867677736956,45.85701818896367],[-123.18676392565347,45.85701795253134],[-123.18676007731166,45.857017709804275],[-123.1867562288414,45.857017464379354],[-123.18675238127288,45.85701721083137],[-123.1867485361498,45.85701695452572],[-123.18674469076988,45.85701669282458],[-123.1867408450903,45.85701642482868],[-123.18673699932513,45.857016155034195],[-123.18673315716396,45.85701587975449],[-123.18672931599014,45.8570155981501],[-123.18672547331526,45.857015312079376],[-123.18672163034076,45.85701501971389],[-123.1867177910987,45.85701472456087],[-123.1867139516426,45.857014424911576],[-123.18671011317385,45.85701411893761],[-123.18670627328969,45.85701381029576],[-123.18670243688112,45.857013493470966],[-123.18669860158835,45.85701317301921],[-123.18669476479455,45.85701284810109],[-123.1866909317332,45.85701252039543],[-123.18668709953077,45.85701218366741],[-123.18668326595575,45.857011845170746],[-123.18667943208109,45.857011500379315],[-123.18667560314029,45.85701115097198],[-123.1866717688804,45.857010798087245],[-123.1866679420854,45.857010439627516],[-123.18666411245971,45.8570100758321],[-123.18666028515108,45.857009706581394],[-123.18665645900101,45.857009334602935],[-123.18665263117872,45.85700895456119],[-123.18664880837588,45.85700857170199],[-123.18664498411485,45.85700818527563],[-123.18664116465919,45.85700779153567],[-123.18663733988454,45.85700739431831],[-123.18663352004369,45.857006992485054],[-123.18662970247708,45.857006584297196],[-123.18662588207978,45.85700617077368],[-123.18662206412799,45.85700575449253],[-123.18661825111002,45.857005333595446],[-123.18661443393157,45.85700490649338],[-123.1866106191558,45.85700447573442],[-123.18660680918543,45.857004037661824],[-123.18660299522583,45.85700359698119],[-123.1865991835833,45.857003150845244],[-123.18659537691742,45.857002700992545],[-123.18659156617667,45.857002246733366],[-123.18658776157103,45.85700178602986],[-123.18658395413475,45.85700131999065],[-123.18658015034528,45.8570008493655],[-123.18657634638465,45.85700037514328],[-123.18657254474108,45.856999895465684],[-123.1865687441277,45.856999410362725],[-123.18656494338595,45.85699892256195],[-123.1865611461198,45.8569984265782],[-123.1865573486825,45.856997926997416],[-123.18655355115962,45.8569974256181],[-123.18654975706959,45.856996915156564],[-123.18654596675484,45.85699640280675],[-123.18654217227962,45.85699588425191],[-123.18653838145127,45.85699536111109],[-123.1865345943126,45.85699483428344],[-123.18653080691715,45.856994302060336],[-123.1865270192649,45.85699376444171],[-123.18652323521671,45.85699322133785],[-123.18651945104016,45.85699267553618],[-123.18651567033923,45.85699212155158],[-123.1865118895956,45.8569915666676],[-123.18650810850954,45.856991004589716],[-123.18650433115599,45.85699043972425],[-123.18650055350282,45.856989868564035],[-123.18649678078354,45.856989292787915],[-123.18649300647766,45.85698871074698],[-123.18648923590429,45.856988125918484],[-123.18648546507416,45.85698753569452],[-123.18648169527418,45.85698694004509],[-123.18647792791977,45.85698634163806],[-123.18647416416941,45.856985737745795],[-123.18647040144928,45.856985128428114],[-123.18646663718536,45.856984513744855],[-123.18646287661115,45.856983895374775],[-123.18645911710998,45.856983272478544],[-123.18645535988307,45.856982643227745],[-123.18645160385762,45.85698201214847],[-123.18644784997801,45.85698137201695],[-123.18644409725707,45.85698072915771],[-123.1864403431636,45.856980084529816],[-123.1864365976508,45.85697943070009],[-123.18643284686182,45.85697877429221],[-123.18642910109237,45.85697811506688],[-123.18642535746875,45.85697744678927],[-123.18642161504663,45.856976776683204],[-123.18641787622856,45.856976101091895],[-123.18641413582395,45.856975419235766],[-123.18641040048162,45.85697473546144],[-123.18640666483978,45.85697404539235],[-123.18640292898394,45.85697335082703],[-123.18639920055026,45.85697264978748],[-123.18639546684038,45.85697194616978],[-123.18639173802161,45.85697123703691],[-123.18638801293535,45.85697052511651],[-123.18638429132476,45.85696980501321],[-123.18638056572499,45.8569690823018],[-123.18637684771859,45.85696835671317],[-123.18637312928423,45.856967622132046],[-123.18636941076433,45.85696688575241],[-123.18636569580572,45.85696614298828],[-123.18636198462244,45.856965398335845],[-123.18635827313959,45.856964647388686],[-123.18635456140002,45.85696389104601],[-123.18635085716822,45.85696313002763],[-123.18634714890442,45.85696236550193],[-123.18634344810556,45.8569615954013],[-123.18633974447611,45.85696081996497],[-123.18633604715308,45.856960041681276],[-123.18633234953046,45.856959257102815],[-123.18632865555479,45.85695846793842],[-123.18632496260933,45.856957673348596],[-123.18632127206664,45.85695687510189],[-123.18631758272541,45.85695607502674],[-123.18631389553008,45.85695526589931],[-123.18631020820645,45.85695445407409],[-123.18623526312756,45.85693788351185],[-123.18615828552788,45.85747038089113]]]},"properties":{"boundary_change":"1993-85","initial_date":"Unknown","completed_date":"4/16/1993","dor_approved":"Yes","dor_id":"5-116-92","dor_date":"6/12/1992","image":"1993-08.tif","pdf_url":"https://geospatial-data.vernonia-or.gov/annexations/pdf/1993-08.pdf"}},{"type":"Feature","geometry":{"type":"Polygon","coordinates":[[[-123.18516372730589,45.866954683899806],[-123.18516347434398,45.86669550634254],[-123.18536110438504,45.86669530162044],[-123.18535980118367,45.86665416749638],[-123.18535959285077,45.86639494474083],[-123.18437754596603,45.86639619154994],[-123.18437796808121,45.86665518148244],[-123.184378032352,45.86669631826323],[-123.18437836890448,45.86690383825397],[-123.1843784000921,45.86692380441705],[-123.18437845331276,45.86695531089305],[-123.18443757854237,45.86695526308619],[-123.18516372730589,45.866954683899806]]]},"properties":{"boundary_change":"1993-86","initial_date":"Unknown","completed_date":"4/23/1993","dor_approved":"Yes","dor_id":"5-114-92","dor_date":"6/23/1992","image":"1993-10.tif","pdf_url":"https://geospatial-data.vernonia-or.gov/annexations/pdf/1993-10.pdf"}},{"type":"Feature","geometry":{"type":"Polygon","coordinates":[[[-123.18516347434398,45.86669550634254],[-123.18516372730589,45.866954683899806],[-123.1853681614461,45.866954520094616],[-123.18536094589146,45.86669530170121],[-123.18516347434398,45.86669550634254]]]},"properties":{"boundary_change":"2000-20","initial_date":"2/16/2000","completed_date":"4/14/2000","dor_approved":"Yes","dor_id":"5-210-2000","dor_date":"3/23/2000","image":"2000-20.tif","pdf_url":"https://geospatial-data.vernonia-or.gov/annexations/pdf/2000-20.pdf"}},{"type":"Feature","geometry":{"type":"Polygon","coordinates":[[[-123.20006737714924,45.854290608627615],[-123.20004576722545,45.854371908260774],[-123.20033511303595,45.85518735049331],[-123.20076212831918,45.85517600654498],[-123.20078956540655,45.85427142216726],[-123.20006737714924,45.854290608627615]]]},"properties":{"boundary_change":"1993-87","initial_date":"Unknown","completed_date":"4/23/1993","dor_approved":"Yes","dor_id":"5-115-92","dor_date":"6/23/1992","image":"1993-11.tif","pdf_url":"https://geospatial-data.vernonia-or.gov/annexations/pdf/1993-11.pdf"}},{"type":"Feature","geometry":{"type":"Polygon","coordinates":[[[-123.17072349698371,45.865119181067165],[-123.17068829386834,45.86452355623583],[-123.17060750661518,45.86452598526933],[-123.17060070486707,45.86441639345799],[-123.17057529651264,45.864006847349664],[-123.17081454070606,45.86399956730769],[-123.17081340356631,45.8636639974026],[-123.17078715027748,45.86352754240591],[-123.1706891088657,45.863530493503255],[-123.17069446087753,45.86284254496042],[-123.17034154803862,45.86285354001151],[-123.16975515106627,45.862871807226355],[-123.16940124078823,45.8628828314378],[-123.1689157427013,45.862897951433425],[-123.16890691838137,45.86317154266594],[-123.16889731153597,45.863444854862436],[-123.1685765742143,45.863443045870135],[-123.16847856270138,45.86344289406108],[-123.16818418525158,45.86344099040196],[-123.1678701894163,45.86343923269588],[-123.16756876454257,45.86343726056371],[-123.16755948284118,45.863711701038774],[-123.16755484618955,45.86384880638999],[-123.1675455729037,45.86412301886837],[-123.16753629553884,45.864397228708214],[-123.16752683807863,45.864676924980635],[-123.16751281898019,45.865091422017926],[-123.16790512788515,45.86509356109363],[-123.16870937032257,45.865097942143365],[-123.16895240728827,45.865099264688],[-123.16945228713324,45.865101806391756],[-123.17072349698371,45.865119181067165]]]},"properties":{"boundary_change":"1991-66","initial_date":"Unknown","completed_date":"3/8/1991","dor_approved":"Yes","dor_id":"5-100-90","dor_date":"10/9/1990","image":"1991-01.tif","pdf_url":"https://geospatial-data.vernonia-or.gov/annexations/pdf/1991-01.pdf"}},{"type":"Feature","geometry":{"type":"Polygon","coordinates":[[[-123.18539756257475,45.85851746614483],[-123.18540023886075,45.85851925842775],[-123.18540292394194,45.85852104600521],[-123.1854056201782,45.85852282432118],[-123.18540832761241,45.85852459427495],[-123.18541104624447,45.85852635586644],[-123.1854137773615,45.858528109065816],[-123.18541651448565,45.858529853123315],[-123.18541926812684,45.85853159229591],[-123.18542202893381,45.85853331959903],[-123.18542479965167,45.85853503856984],[-123.18542758298283,45.858536751846195],[-123.18543037867052,45.858538454032704],[-123.18543318053653,45.8585401506743],[-123.185435997333,45.858541836166225],[-123.18543882283903,45.85854351515419],[-123.18544165572482,45.858545186768836],[-123.18544450221123,45.858546846364526],[-123.18544735732164,45.85854849765777],[-123.1854502237583,45.85855014328646],[-123.18545309869056,45.85855177791499],[-123.1854559834909,45.85855340331198],[-123.1854588796603,45.85855502394364],[-123.18546178814347,45.858556632586215],[-123.18546470396356,45.858558232956234],[-123.18546763085315,45.85855982226636],[-123.18547056392104,45.858561406031484],[-123.1854735107609,45.85856298137457],[-123.18547646347947,45.85856454487809],[-123.18547942743875,45.858566100918615],[-123.18548240384014,45.85856764766772],[-123.18548538629142,45.8585691861742],[-123.18548838122763,45.8585707162885],[-123.18549138337241,45.858572235432575],[-123.18549439285408,45.858573746304124],[-123.18549741735183,45.85857524782445],[-123.18550044536835,45.858576742061175],[-123.18550348453995,45.85857822703638],[-123.18550653478104,45.858579700951665],[-123.18550958978516,45.85858116665418],[-123.18551265967692,45.85858262030781],[-123.1855157319288,45.858584069405445],[-123.1855188164944,45.85858550651396],[-123.1855219123007,45.858586936159455],[-123.18552501527273,45.858588353935474],[-123.1855281268687,45.85858976340904],[-123.18553124447179,45.85859116374069],[-123.18553437318717,45.85859255391163],[-123.18553751048368,45.85859393488087],[-123.1855406538729,45.85859530850672],[-123.18554380957582,45.85859667014345],[-123.18554697261567,45.85859802350762],[-123.18555014282124,45.85859936500227],[-123.18555332040653,45.85860069912362],[-123.18555650532872,45.858602024972456],[-123.18555970256462,45.85860333883214],[-123.18556290585042,45.85860464444916],[-123.18556611634473,45.85860593909595],[-123.185569335463,45.858607225440274],[-123.18557256174697,45.858608499915064],[-123.18557579927162,45.85860976692684],[-123.18557903894238,45.858611024886436],[-123.18558229225667,45.858612271726244],[-123.18558554763146,45.85861350771542],[-123.18558881420414,45.85861473534231],[-123.18559208798533,45.858615951998935],[-123.18559536519966,45.85861715957347],[-123.1855986547705,45.85861835605812],[-123.18560195172103,45.85861954516946],[-123.18560525450742,45.85862072154193],[-123.18560856209959,45.858621890600915],[-123.1856118807612,45.8586230485999],[-123.18561520272758,45.858624194819086],[-123.18561853593461,45.85862533357527],[-123.18562187244636,45.858626460551626],[-123.18562522015596,45.85862757916569],[-123.18562857245733,45.858628685970054],[-123.18563193072296,45.858629782733324],[-123.1856352975697,45.85863087029485],[-123.18563866647696,45.8586319470057],[-123.18564204774067,45.85863301262672],[-123.18564543248033,45.858634070064824],[-123.18564882314143,45.8586351165626],[-123.18565222242643,45.858636154757896],[-123.18565562501615,45.85863718117336],[-123.18565903867533,45.85863819652887],[-123.18566245696906,45.85863920097391],[-123.18566587745163,45.85864019726596],[-123.18566930896088,45.85864118159879],[-123.18567274514746,45.85864215592042],[-123.18567618348011,45.85864312118982],[-123.18567963404084,45.85864407267166],[-123.1856830869188,45.8586450186982],[-123.18568654430294,45.85864595111661],[-123.18569000885273,45.858646871665464],[-123.18569348078218,45.858647784841004],[-123.18569695601634,45.85864868623674],[-123.18570043858733,45.858649579359856],[-123.18570392437744,45.85865045890474],[-123.18570741746161,45.85865132927779],[-123.18571091393605,45.85865218966954],[-123.1857144188632,45.858653038161826],[-123.18571792585077,45.858653875803476],[-123.18572144146226,45.8586547051426],[-123.18572495900577,45.85865552093341],[-123.18572848126942,45.85865632761217],[-123.18573200949726,45.85865712424981],[-123.1857355424452,45.85865791177538],[-123.18573908247322,45.85865868563303],[-123.18574262597708,45.85865945130778],[-123.18574617265725,45.858660202505035],[-123.18574972285604,45.85866094641865],[-123.1857532802205,45.85866167846273],[-123.18575684093243,45.85866239962624],[-123.18576040885277,45.85866310981945],[-123.185763976388,45.85866381191953],[-123.1857675522475,45.858664499422446],[-123.18577113033864,45.85866517967167],[-123.18577471160602,45.85866584544335],[-123.18577830149727,45.85866650291255],[-123.18578188954514,45.85866714872152],[-123.1857854861313,45.858667784429585],[-123.18578908473505,45.8586684083877],[-123.18579268415512,45.85866902242433],[-123.1857962907408,45.8586696245914],[-123.18579990075952,45.85867021767634],[-123.18580351661403,45.85867079802244],[-123.18580713319922,45.85867136664855],[-123.18581075330307,45.85867192799101],[-123.18581437658315,45.85867247485597],[-123.18581800333905,45.85867301353804],[-123.18582163327119,45.85867353774259],[-123.18582526672195,45.85867405466349],[-123.18582890476439,45.85867455977467],[-123.18583254473879,45.85867505133751],[-123.18583618818904,45.85867553471743],[-123.1858398349867,45.85867600721677],[-123.18584348255784,45.858676468895354],[-123.18584713587913,45.85867691603661],[-123.18585078881527,45.85867735508472],[-123.18585444638585,45.85867778322232],[-123.18585810601682,45.858678200509246],[-123.18586176637845,45.858678606076154],[-123.18586543270425,45.85867900160192],[-123.18586909963227,45.858679382709994],[-123.18587277003611,45.85867975563518],[-123.18587643863935,45.85868011779938],[-123.18588011569521,45.85868046806415],[-123.18588379228026,45.85868080843729],[-123.18588746818057,45.85868113442265],[-123.18589114626963,45.858681452255006],[-123.18589482899307,45.858681759176896],[-123.18589851506394,45.858682055218175],[-123.18590220045,45.85868233687166],[-123.18590588545091,45.85868261043199],[-123.18590957753173,45.8586828703243],[-123.18591326536641,45.858683122213186],[-123.18615615070922,45.85868228246648],[-123.18615614145374,45.85867970624084],[-123.18615613747463,45.85867713259326],[-123.18615612821914,45.85867455636758],[-123.18615590004693,45.85867198252874],[-123.18615580070215,45.85866940839671],[-123.18615568205256,45.858666834713276],[-123.18615554795907,45.85866426138878],[-123.18615539842173,45.85866168842317],[-123.18615523215352,45.85865911584638],[-123.18615505044144,45.858656543628484],[-123.18615485071156,45.85865397182929],[-123.18615463309222,45.85865140314654],[-123.18615440114482,45.85864883119582],[-123.18615415263777,45.85864626323086],[-123.18615388984549,45.8586436928972],[-123.18615360658978,45.85864112573979],[-123.1861533117512,45.858638558851524],[-123.18615299632081,45.85863599244181],[-123.18615266686201,45.85863342905878],[-123.18615231681139,45.85863086615424],[-123.18615195517792,45.85862830351894],[-123.18615157423962,45.858625741332226],[-123.18615118171849,45.85862317941472],[-123.18615076873395,45.8586206206734],[-123.18615033648743,45.858618063279984],[-123.18614989274367,45.85861550795418],[-123.18614943355607,45.85861295298728],[-123.1861489550637,45.85861039846897],[-123.18614845996892,45.8586078470372],[-123.18614795071736,45.85860529593438],[-123.18614742486338,45.85860274791808],[-123.18614688232137,45.85860020118985],[-123.18614632184722,45.85859765667877],[-123.18614574979024,45.85859511243682],[-123.18614515714145,45.85859256867344],[-123.18614454934853,45.85859003156358],[-123.18614392594057,45.85858749121568],[-123.18614328610144,45.85858495755121],[-123.18614263206273,45.85858242331647],[-123.18614195743223,45.85857988956028],[-123.18614127139014,45.858577359670186],[-123.18614056612894,45.85857483202716],[-123.18613984559514,45.85857230833996],[-123.18613910828773,45.858569784142304],[-123.18613835570778,45.85856726390049],[-123.18613758382308,45.85856474410731],[-123.18613680056959,45.85856222907942],[-123.1861359980542,45.85855971539938],[-123.18613518279734,45.85855720471612],[-123.18613434965125,45.85855469714928],[-123.18613349973153,45.858552189071965],[-123.18613263453925,45.85854968495047],[-123.18613175287302,45.858547186613166],[-123.18613085705009,45.858544688604844],[-123.18612994462477,45.858542193683014],[-123.1861290168841,45.85853970181775],[-123.18612806996714,45.8585372130988],[-123.18612711146737,45.85853472464902],[-123.18612613263271,45.858532242073146],[-123.18612514367351,45.85852976333346],[-123.1861241342082,45.858527286870725],[-123.18612310929913,45.858524810766895],[-123.18612206795892,45.85852234134649],[-123.18612101640856,45.85851987396374],[-123.18611994439492,45.858517409757226],[-123.18611885710874,45.85851494950651],[-123.18611775446445,45.85851249141317],[-123.18611663654762,45.85851003727563],[-123.18611550344392,45.858507588892344],[-123.18611435356664,45.858505139998606],[-123.18611318468432,45.85850269784811],[-123.18611200434763,45.858500258664435],[-123.18611080869564,45.85849782253735],[-123.18610959785678,45.858495392164556],[-123.18610837028714,45.8584929621805],[-123.18610712753062,45.85849053795072],[-123.1861058694588,45.858488116777515],[-123.1861045962001,45.85848570135855],[-123.1861033076689,45.85848328989544],[-123.18610200249259,45.85848088061954],[-123.18610068345922,45.85847847796722],[-123.1860993476523,45.85847607480447],[-123.18609799682973,45.85847368099287],[-123.18609662936205,45.858471289368524],[-123.18609525176986,45.858468901580366],[-123.18609385367158,45.858466516069136],[-123.18609244429022,45.85846413712169],[-123.186091015861,45.858461764018216],[-123.18608957597749,45.85845939388157],[-123.1860881157591,45.858457029618826],[-123.18608664537344,45.858454668293014],[-123.18608515838545,45.85845231005366],[-123.18608365638184,45.858449961165526],[-123.18608213889175,45.85844761173696],[-123.18608061020414,45.85844527067062],[-123.18607906109608,45.85844293367976],[-123.18607750066214,45.858440602353376],[-123.18607592100916,45.85843827327405],[-123.1860743300731,45.85843595075846],[-123.18607272395016,45.85843363399717],[-123.18607110508592,45.85843132023256],[-123.18606946841807,45.85842901138281],[-123.18606781922291,45.85842671002597],[-123.18606615093715,45.85842441361385],[-123.18606447119711,45.85842212016853],[-123.18606277884412,45.85841983241767],[-123.1860610687732,45.85841755138011],[-123.18605934604655,45.858415275137716],[-123.18605760817584,45.85841300554881],[-123.18605585494709,45.85841073811719],[-123.18605408670273,45.85840848003675],[-123.18605230571704,45.858406224953086],[-123.18605051083154,45.85840397559373],[-123.1860486996006,45.85840173471615],[-123.18604687691534,45.85839949680544],[-123.18604503904328,45.858397264648964],[-123.18604318474014,45.858395039175875],[-123.18604131649444,45.858392818527854],[-123.18603943563579,45.85839060357425],[-123.18603753963313,45.85838839527414],[-123.18603563230462,45.858386192638555],[-123.18603370974645,45.858383994857896],[-123.18603177204429,45.858381803730765],[-123.18602981786826,45.85837961838774],[-123.18602785249476,45.85837744140691],[-123.1860258757098,45.85837526829217],[-123.18602387996269,45.8583731028198],[-123.18602187675064,45.858370942922186],[-123.18601985324662,45.8583687897977],[-123.18601781966095,45.858366641408566],[-123.18601577350519,45.85836449961308],[-123.18601370843007,45.85836236635922],[-123.18601163589003,45.858360238680156],[-123.1860095481632,45.85835811675529],[-123.18600744396251,45.85835600061459],[-123.18600532985141,45.85835389280611],[-123.18600319930924,45.85835179168108],[-123.18600105739846,45.85834969532122],[-123.18599890047204,45.85834760831258],[-123.18599673088995,45.85834552609903],[-123.18599454745089,45.85834345050908],[-123.18599235152737,45.8583413833112],[-123.18599014427797,45.858339321777834],[-123.18598792184177,45.85833726599866],[-123.18598568438998,45.85833521957065],[-123.18598343943046,45.85833317781813],[-123.1859811755944,45.85833114550652],[-123.18597890296364,45.8583291179003],[-123.18597661531727,45.85832709964526],[-123.18597431634504,45.85832508705468],[-123.18597200231444,45.858323082916016],[-123.18596967695797,45.85832108444182],[-123.18596733911703,45.85831909435971],[-123.18596498737632,45.85831711000188],[-123.18596262319394,45.858315134935424],[-123.18596024768571,45.8583131655334],[-123.18595786093726,45.85831120359435],[-123.1859554591732,45.85830925100638],[-123.18595304608328,45.85830730408293],[-123.18595061664796,45.85830536564125],[-123.18594817987615,45.85830343547205],[-123.18594680507093,45.85830235114171],[-123.1859454340839,45.85830126582236],[-123.18594406687227,45.85830017861486],[-123.18594269575695,45.85829909059777],[-123.18594133240636,45.85829800330052],[-123.18593996888461,45.8582969124063],[-123.18593860536292,45.85829582151204],[-123.18593724574504,45.858294731427335],[-123.18593588595597,45.85829363774565],[-123.18593452989951,45.85829254127657],[-123.18593317401432,45.8582914484044],[-123.18593182169052,45.85829034914785],[-123.18593046949515,45.85828925258898],[-123.18592912103237,45.8582881532427],[-123.18592777261247,45.858287054795646],[-123.18592642916936,45.858285952631995],[-123.18592508443929,45.858284850498265],[-123.18592374344179,45.85828374557709],[-123.18592240244436,45.8582826406559],[-123.18592106659493,45.858281535615085],[-123.18591972945855,45.858280430604154],[-123.18591949599825,45.85816717165213],[-123.18540044612574,45.85812298053008],[-123.18522015281677,45.85759748375805],[-123.18591818287457,45.857531793402096],[-123.18591920809165,45.85802824497284],[-123.18603695551984,45.85802812299924],[-123.18603585882016,45.85749863123611],[-123.18603945765936,45.85747373742298],[-123.1861205825053,45.856912525632595],[-123.18549449664539,45.85677408812036],[-123.18585142973194,45.85599012583869],[-123.18454242784706,45.85569920894121],[-123.18552487968884,45.853541351644715],[-123.18555473908279,45.85347576777559],[-123.18558459454675,45.85341018398681],[-123.18569680059886,45.853163724437636],[-123.18558941187571,45.85312921608069],[-123.18548245822701,45.853094101567905],[-123.18534199210207,45.85304243537302],[-123.18520177669794,45.85299042830342],[-123.18503528554774,45.85293034793658],[-123.18486838362274,45.85287077830496],[-123.18474057167907,45.85282782238978],[-123.18461069879697,45.85278798307777],[-123.18449184720612,45.85276168268054],[-123.18437224899418,45.85273707122313],[-123.18428951756783,45.85270883159978],[-123.18420658453181,45.85268090177756],[-123.18414603923476,45.85266933207932],[-123.18408523548062,45.85265804292094],[-123.18402160424549,45.85264128751112],[-123.18395988298437,45.852621269407],[-123.18390802876029,45.8525985987284],[-123.18385631883753,45.85257590037028],[-123.18377079378372,45.852544954366145],[-123.18368271290029,45.8525179908293],[-123.18363030291371,45.852504597151544],[-123.18357788342284,45.852491246882],[-123.18350817054441,45.85247367727097],[-123.18343918828161,45.852454782628065],[-123.18337874940593,45.85243547173106],[-123.18331873043263,45.852415562307115],[-123.18319907109625,45.85237587321286],[-123.18307916749977,45.85233654345705],[-123.18301514135798,45.852317591123445],[-123.1829508385604,45.85229907818576],[-123.18286940494264,45.8522742346013],[-123.18278802515809,45.85224930238947],[-123.18268802295142,45.8522183405737],[-123.18258799047861,45.852187417185554],[-123.18247581621614,45.85215408115454],[-123.18236253229013,45.852122656742715],[-123.18232806356228,45.85211346873764],[-123.18229359857797,45.85210427793497],[-123.18219459490216,45.85207788817546],[-123.18209559505124,45.85205149554361],[-123.1819959326572,45.85202414416085],[-123.18189631022364,45.85199670984642],[-123.18176436361703,45.85196256714663],[-123.18163191157736,45.85192933355099],[-123.18154531844327,45.85190796210884],[-123.18145801670998,45.85188799789061],[-123.18139062572108,45.85187984262114],[-123.18132267748275,45.85187319011265],[-123.1812710632931,45.851863966570754],[-123.18122001990102,45.85185325339589],[-123.18113475319011,45.851831513295416],[-123.1810494144827,45.8518099917577],[-123.18095763137887,45.85179008431563],[-123.18086463341172,45.851773374672376],[-123.18079989139213,45.851764027835216],[-123.18073514272459,45.851754784642274],[-123.18068847115057,45.851747690457984],[-123.18064176548441,45.851740610549236],[-123.18056413735448,45.851731945963614],[-123.18048598668071,45.85172573215317],[-123.18040419974302,45.85171912100439],[-123.18032360108015,45.85172347847778],[-123.1802758610927,45.851735306411705],[-123.18026021377514,45.85173918106733],[-123.18019829647737,45.85175789768947],[-123.18011795964416,45.851781821616925],[-123.18003861952953,45.85180712222191],[-123.17998967753898,45.851825055319885],[-123.17994090597995,45.85184318699465],[-123.17987250700476,45.85186721561997],[-123.17980374016884,45.85189076931267],[-123.17972640727999,45.85191618699432],[-123.17964734381391,45.851938747827035],[-123.17955985131545,45.851959329991516],[-123.17947223186096,45.85197957294649],[-123.17940036657953,45.85199718653256],[-123.17932860093794,45.85201500031315],[-123.1792389999279,45.85203847131597],[-123.17914962364961,45.85206233583687],[-123.17909902603103,45.85207275764943],[-123.17904876176847,45.85208393330116],[-123.17898118738827,45.852111967166074],[-123.17891541231212,45.852142463704524],[-123.17883882408786,45.85217142569602],[-123.17875929122029,45.85219627074711],[-123.17872808416364,45.85220318759776],[-123.17869641272588,45.852208816180614],[-123.17864641182517,45.85221702201284],[-123.17859608117523,45.85222398055422],[-123.17855158257558,45.852228172555975],[-123.1785071246958,45.8522324626213],[-123.17845272809718,45.85223895629254],[-123.1783983397127,45.85224548755686],[-123.17833600677001,45.852252809655916],[-123.17827378766077,45.8522606305073],[-123.17821813538407,45.85227014640769],[-123.17816283160852,45.85228070836636],[-123.1781015488361,45.852291484463954],[-123.17804025009276,45.85230222308923],[-123.17799056970017,45.85231075248875],[-123.1779408363589,45.852319116552174],[-123.17793771823452,45.852319539888846],[-123.17786862134126,45.85232888912215],[-123.1777964528472,45.85233880100328],[-123.17772847977173,45.85235280347221],[-123.17766085977874,45.85236762322436],[-123.17757250500031,45.852382983629546],[-123.17748398210823,45.85239835866337],[-123.17735166588419,45.852432525741506],[-123.17722508850625,45.852476925790654],[-123.1771926431927,45.85249432698866],[-123.17715989839897,45.852511118461635],[-123.1770907372619,45.852530390963295],[-123.17702140874464,45.85254934051854],[-123.17694655910046,45.852577234692504],[-123.17687028930813,45.85260302908152],[-123.17679291653646,45.85262276346007],[-123.17671511001825,45.852641638216156],[-123.17662414509574,45.85266306731516],[-123.17653322542792,45.85268455560768],[-123.17643728652548,45.85271123101353],[-123.17634050155233,45.852736067870914],[-123.17625694199091,45.85275245768653],[-123.17617327517831,45.85276856995487],[-123.17609382450208,45.85278383285259],[-123.17601437374024,45.852799094796396],[-123.17590933349355,45.85281967262852],[-123.17580419398503,45.85284014193405],[-123.17573942018525,45.852849503209015],[-123.17567382643851,45.85285599911842],[-123.17558562339084,45.85286330917548],[-123.17549746524055,45.852870588418035],[-123.17536871640999,45.85288670665576],[-123.17524012304774,45.85290338828937],[-123.175206030617,45.8529046221402],[-123.17517205209587,45.85290649250186],[-123.17502552027892,45.85293017783124],[-123.17488022025033,45.852957240001885],[-123.1747537373572,45.85298265840533],[-123.17462704435614,45.853007451374694],[-123.17452783176407,45.853024909732014],[-123.17442820835684,45.8530412306268],[-123.17433466370524,45.85305566344618],[-123.17424077690279,45.85306891221235],[-123.17406796849257,45.85308906148785],[-123.17389528337696,45.85310958574248],[-123.17378572341589,45.85312479733341],[-123.17367625718934,45.853140329830026],[-123.1735659352138,45.85315629161789],[-123.17345562217508,45.853172280098825],[-123.17338360546017,45.85318276721123],[-123.17331123624729,45.853191959811696],[-123.17324764265229,45.85319750514205],[-123.17318395679236,45.85320248993299],[-123.17310078285237,45.85320989060475],[-123.17301763453996,45.85321742475632],[-123.17293948173659,45.85322478660165],[-123.17286132278572,45.8532321278307],[-123.1727744296002,45.85324002027831],[-123.17268751656138,45.85324782039647],[-123.17263681587893,45.85325238397081],[-123.17258604273322,45.85325658730968],[-123.17252107362174,45.85325969473905],[-123.17245601150908,45.85326192656711],[-123.17237855801342,45.85326623901645],[-123.1723010662447,45.85327017870701],[-123.17226759118527,45.85327090678976],[-123.1722341084652,45.85327158192684],[-123.17218658467581,45.85327326226069],[-123.17213906101134,45.85327494527274],[-123.17206694236445,45.85327749126671],[-123.1719948195524,45.85328003101029],[-123.17196093411215,45.853278921239095],[-123.1719270827596,45.853278096039844],[-123.17184128489998,45.853282814388194],[-123.17175550306617,45.85328789869181],[-123.17170178633309,45.853291154238065],[-123.1716480813265,45.853294467102245],[-123.17156647360741,45.85330028837994],[-123.17148498226972,45.85330699002567],[-123.17138001221697,45.85331772534926],[-123.17127569124071,45.85333166836307],[-123.17119141789641,45.85334587081886],[-123.1711084979068,45.85336354469103],[-123.17102320392951,45.85338481933368],[-123.17093852195316,45.85340715823223],[-123.17084635882028,45.85344599273904],[-123.17076141950827,45.853486471481965],[-123.17070339329752,45.853530997702826],[-123.17064600364994,45.85359534732881],[-123.17058656064827,45.85363874133802],[-123.17051986415255,45.853676465888256],[-123.17045144062844,45.85371306091567],[-123.17039302774621,45.85374942550549],[-123.17033984406167,45.853790338685606],[-123.17028994325862,45.853830007506026],[-123.17023514414205,45.85387212374062],[-123.17015080682852,45.85392542972803],[-123.1700433366902,45.853983936799715],[-123.16995560942354,45.85403615156315],[-123.16991494280863,45.85405926700344],[-123.16987900890214,45.85407643607833],[-123.1698169852571,45.854107050342684],[-123.1697948005953,45.85411696019227],[-123.16976463996,45.854130435501474],[-123.16972397705965,45.85415355078456],[-123.16968464973681,45.854169632396],[-123.16965126868767,45.854187909112895],[-123.16962680904253,45.854200438002174],[-123.16959068986081,45.85422257237055],[-123.16954424084972,45.85424699061749],[-123.16952034846994,45.854262715662095],[-123.16948419702474,45.85428841830887],[-123.16945125764596,45.85431952098884],[-123.16941128229698,45.85435576077377],[-123.16937030417105,45.85439141965605],[-123.16932327798774,45.85442986934989],[-123.16927622725758,45.8544682916827],[-123.16924325527683,45.854495876992914],[-123.16921035600012,45.854523502023724],[-123.16917822301689,45.854549161273304],[-123.1691459858779,45.85457517940511],[-123.16911937409895,45.854608728481274],[-123.16910924978474,45.85464605671085],[-123.169110997469,45.85467121348006],[-123.16911829228592,45.85469603599628],[-123.16913020369842,45.854723457956474],[-123.16914176853909,45.85475093383021],[-123.16915285951589,45.85477977637581],[-123.16916287844151,45.854808805717454],[-123.16917212181693,45.854840667953276],[-123.16918093089592,45.85487258162791],[-123.16918654569699,45.85489375203979],[-123.16919211820425,45.85491492702899],[-123.1691998148651,45.85493634103249],[-123.16920153390966,45.85496794582783],[-123.16920529574024,45.85499924058257],[-123.16921925598263,45.855029065612754],[-123.1692339964003,45.85505868807871],[-123.16924817296699,45.85508668516625],[-123.16926253282233,45.85511463480865],[-123.16927560565156,45.85513855328538],[-123.16928297363432,45.85515203674364],[-123.16930530231413,45.85518893056199],[-123.16932105805078,45.855212180324706],[-123.16933837505228,45.85523485389634],[-123.16936675044214,45.855269797713184],[-123.16939513354615,45.85530474044504],[-123.169429300803,45.85534683595152],[-123.16946342649305,45.855388950412795],[-123.16947343859516,45.855406527300275],[-123.16948264000311,45.85542439657752],[-123.16950785493628,45.85546036758837],[-123.1695336402448,45.85549616698163],[-123.16954518533385,45.855512950471805],[-123.16955664838397,45.85552764554758],[-123.16958086496508,45.85555868749827],[-123.16959904278445,45.8555745526],[-123.16961825343424,45.85558991852768],[-123.1696564494522,45.855630756933124],[-123.16969478000432,45.85567160572238],[-123.16971643092778,45.8556923931006],[-123.16973931410983,45.85571259387594],[-123.16975880351386,45.85572728718071],[-123.1697799032739,45.85574083511567],[-123.16980802487616,45.855755235396025],[-123.16983637376913,45.85576929283747],[-123.16985968032787,45.85578689478104],[-123.16988313545139,45.855804396064656],[-123.16991544454471,45.85581648865264],[-123.16994306180275,45.855834251166414],[-123.16994536198311,45.855835732004806],[-123.1699753383537,45.85585494068009],[-123.17002116686973,45.855882462161695],[-123.17006694808018,45.855910072039926],[-123.17009634018686,45.85592904752239],[-123.17012425013002,45.855949099691635],[-123.17014462786496,45.85596777838642],[-123.1701645398285,45.85598668749148],[-123.17019609928484,45.85601007976575],[-123.170227420068,45.85603362788232],[-123.17024967006734,45.85605380898128],[-123.17027155997499,45.85607416673624],[-123.17029810250422,45.85609436928568],[-123.17032418965925,45.8561148857237],[-123.17034020925853,45.85613923202692],[-123.17035448382929,45.85616438203014],[-123.17036330491564,45.85617992305986],[-123.17038291912797,45.85619585838348],[-123.1704154466504,45.8562254100381],[-123.1704499786328,45.856247142882054],[-123.1704834219779,45.85626933837512],[-123.17051538060606,45.8563005604501],[-123.17054727443362,45.85633182812467],[-123.17059629831344,45.856375810780534],[-123.1706467759669,45.85641906755735],[-123.17069392299017,45.85645559381653],[-123.17074369235802,45.85649036075017],[-123.1707844987617,45.85651445832706],[-123.17082508981342,45.85653865989042],[-123.1708678905896,45.85657105818428],[-123.17091106107358,45.8566032093617],[-123.17098496326771,45.856651837334034],[-123.17105930463565,45.85670015984031],[-123.17113635871617,45.85675042709806],[-123.17121508114856,45.85679943775348],[-123.17127474631168,45.85683192957074],[-123.1713359497915,45.85686300486912],[-123.1714008599623,45.8568960667703],[-123.17146602040312,45.85692886178837],[-123.17152112646993,45.85695338299183],[-123.17157529092141,45.856978859461435],[-123.17162508960521,45.85700864534231],[-123.17167338432705,45.85703961824658],[-123.1717218744271,45.85707104302648],[-123.17176991666396,45.857102749105394],[-123.17181662165636,45.857139680341064],[-123.1718633102348,45.85717661733948],[-123.17189949118591,45.85719157441101],[-123.17193601362885,45.85720628771991],[-123.17195850955486,45.85722119113738],[-123.1719800524731,45.8572367827437],[-123.17200988722901,45.85726126857204],[-123.17204080002264,45.85728498499003],[-123.17206900738933,45.85730255513263],[-123.17209757809161,45.857319853104755],[-123.17213317848184,45.85734112956265],[-123.17215269585782,45.85735491891555],[-123.17218632508845,45.85737867152007],[-123.17221012275145,45.85740672310435],[-123.17223392163993,45.857434772855214],[-123.17223890817084,45.857441884529294],[-123.1726703412715,45.85741411552481],[-123.17267368773248,45.85741303890068],[-123.17267704105406,45.85741197111999],[-123.17268039591805,45.857410908704864],[-123.17268375888703,45.857409854204214],[-123.1726871248131,45.85740880773705],[-123.17269049627026,45.85740776924384],[-123.17269387197155,45.857406738754364],[-123.1726972518317,45.8574057144702],[-123.17270063988207,45.85740469989892],[-123.17270402823046,45.85740369162221],[-123.17270742468384,45.85740269125994],[-123.17271082164815,45.85740170168838],[-123.17271422646198,45.85740071463587],[-123.17271763693465,45.85739973825502],[-123.17272105040702,45.857398770806924],[-123.1727244681235,45.85739781136257],[-123.17272789120072,45.857396856295196],[-123.17273131740542,45.8573959128583],[-123.17273474901344,45.857394974697655],[-123.17273818357857,45.857394044570505],[-123.17274162367484,45.8573931224173],[-123.17274506677077,45.857392209196874],[-123.17274851921616,45.85739130296183],[-123.17275197208734,45.85739040571908],[-123.17275542920265,45.85738951648007],[-123.17275888914727,45.85738863257681],[-123.1727623547508,45.85738775934521],[-123.17276582447067,45.857386891419644],[-123.17276929860506,45.857386035094784],[-123.17277277295226,45.85738518326592],[-123.17277625557487,45.85738434294849],[-123.17277974231382,45.85738350793709],[-123.172783229436,45.857382681018656],[-123.17278672595023,45.85738186198495],[-123.17279022156067,45.857381051073965],[-123.17279372141525,45.857380248166706],[-123.17279722555652,45.85737945416247],[-123.17280073518639,45.857378667232865],[-123.17280424395504,45.85737788932533],[-123.17280776082873,45.85737711933219],[-123.17281127937267,45.85737635740233],[-123.17281480091634,45.85737560440521],[-123.17281832782078,45.857374855785054],[-123.1728218578101,45.85737411789611],[-123.17282539337322,45.857373388880355],[-123.17282892931954,45.85737266795761],[-123.17283246809524,45.857371952370656],[-123.17283601252984,45.85737124745533],[-123.17283955734773,45.85737055063302],[-123.17284310632456,45.85736986001597],[-123.17284665834373,45.85736917923086],[-123.17285021580885,45.857368504621256],[-123.17285377378502,45.85736784080233],[-123.17285733600534,45.85736718498712],[-123.17286090234205,45.857366534477954],[-123.17286447305067,45.85736589467018],[-123.17286804414258,45.85736526295541],[-123.17287161553254,45.85736463753519],[-123.17287519511274,45.85736402182783],[-123.17287877499105,45.85736341241503],[-123.1728823553804,45.85736281379295],[-123.17288594516178,45.85736222305552],[-123.17288953009337,45.85736163873171],[-123.1728931232152,45.85736106412073],[-123.17289671672032,45.85736049760277],[-123.1729003157992,45.85735993995798],[-123.17290391384657,45.85735938773831],[-123.17290751240498,45.857358846309296],[-123.17291112035548,45.857358312764966],[-123.17291472354137,45.857357787432655],[-123.17291833487491,45.85735727091401],[-123.17292194384748,45.857356758950964],[-123.17292555980848,45.85735625852904],[-123.17292917743978,45.85735576617038],[-123.17293279416737,45.85735528193445],[-123.17293641642614,45.85735480567246],[-123.17294003778119,45.857354337533245],[-123.17294366483783,45.857353880964915],[-123.17294729210738,45.8573534288926],[-123.1729509185158,45.85735298584234],[-123.17295455045544,45.857352550765995],[-123.17295818676705,45.85735212639106],[-123.17296181818624,45.85735170753048],[-123.17296545899757,45.85735129655459],[-123.17296909650167,45.857350897357854],[-123.17297273679259,45.85735050259768],[-123.17297638278508,45.85735011940841],[-123.17298002517224,45.857349741703715],[-123.17298367193135,45.85734937470042],[-123.17298732164767,45.85734901573057],[-123.17299096921599,45.85734866581253],[-123.17299462085815,45.85734832030123],[-123.17299827305402,45.85734798647987],[-123.17300192945149,45.85734765976295],[-123.17300558627487,45.8573473420383],[-123.17300924348157,45.857347032406615],[-123.173012899955,45.85734673449465],[-123.17301656178925,45.85734644095967],[-123.1730202240494,45.85734615641694],[-123.17302388665028,45.857345879067935],[-123.17302754980491,45.85734561340888],[-123.17303121707596,45.85734535305583],[-123.17303488485811,45.85734510349346],[-123.1730385530236,45.857344862024085],[-123.17304222148725,45.85734462684928],[-123.17304589041942,45.85734440156588],[-123.1730495636384,45.85734418518546],[-123.17305323337982,45.85734397698731],[-123.1730569073655,45.85734377679285],[-123.1730605817345,45.85734358469141],[-123.17306425648685,45.85734340068293],[-123.17306793166513,45.85734322566669],[-123.1730716071842,45.857343057844204],[-123.17307528711785,45.857342901622374],[-123.1730789634462,45.85734275088512],[-123.17308264414656,45.85734261084926],[-123.1730863212416,45.857342476297994],[-123.17309000270869,45.857342352448114],[-123.17309368074082,45.85734223767975],[-123.17309736413382,45.85734212728839],[-123.17310104679359,45.857342028616735],[-123.17353639940514,45.85733079366387],[-123.17455408238898,45.857304519136385],[-123.17525312678636,45.85728646453903],[-123.17538335175085,45.85728442077669],[-123.17551360883827,45.85728501106906],[-123.17551361750657,45.857282802627665],[-123.17551392760983,45.857209833482884],[-123.1755160787637,45.85720275926806],[-123.17558430970877,45.85697790265331],[-123.17569120914975,45.856958438175255],[-123.17589581857338,45.85692118092267],[-123.17609417271714,45.85688506467422],[-123.17686253761993,45.85694886911162],[-123.17744673780187,45.85699737653149],[-123.17752360887758,45.85711474099724],[-123.17770288841558,45.85738315318933],[-123.17820902737559,45.857422517672006],[-123.17820917284035,45.85713647614504],[-123.17821497345236,45.85703300261156],[-123.17824069604114,45.85703254611765],[-123.18003421765536,45.85711197244001],[-123.18078309826367,45.85709734688999],[-123.18122542307219,45.85708004364306],[-123.18168567791085,45.85746178482669],[-123.18168180140476,45.85746208811876],[-123.1816950073592,45.85754388202963],[-123.18174531715789,45.85753991597872],[-123.18181495640293,45.857534617402194],[-123.18186796077394,45.85753069050253],[-123.18186809045841,45.85753068119196],[-123.18203802921371,45.85751822642183],[-123.18204897696859,45.85751744755774],[-123.18206359941944,45.85751645649213],[-123.18207821928627,45.85751551949799],[-123.18208915179109,45.85751485351182],[-123.18210383011196,45.85751400788098],[-123.18211846856973,45.857513218086844],[-123.18213306969555,45.857512483170495],[-123.18214401701599,45.85751196627229],[-123.18215871902325,45.85751132083448],[-123.18217337726387,45.85751073042374],[-123.18218799688577,45.8575101949207],[-123.18220636144476,45.85750959681826],[-123.18222101896771,45.85750918106135],[-123.18223562247127,45.85750882146976],[-123.18225036474384,45.85750850816832],[-123.18226497710886,45.85750825369341],[-123.18227965891775,45.857508050718344],[-123.18229433170855,45.85750790196401],[-123.18230901349867,45.857507807012354],[-123.18232369386433,45.857507763404584],[-123.1823383355689,45.85750777380532],[-123.18235300952387,45.857507839269566],[-123.18236768986169,45.857507957696946],[-123.18238236753095,45.857508128397384],[-123.18239333558087,45.857508291562915],[-123.18240802546033,45.857508556500136],[-123.18242269860022,45.857508875837325],[-123.1824336602827,45.857509148973975],[-123.18244463753253,45.85750945145572],[-123.18245935058857,45.85750990579557],[-123.18247401456006,45.85751041168517],[-123.18248867333209,45.85751097080677],[-123.18250328679495,45.857511579590096],[-123.18251792491515,45.85751224631379],[-123.18252887570186,45.857512778058314],[-123.18254352075685,45.85751353644063],[-123.18255445690359,45.857514139640124],[-123.18256913759146,45.85751499711695],[-123.18258375345223,45.85751590020737],[-123.1825983617536,45.85751686108573],[-123.18261293491368,45.85751786868919],[-123.18262752882778,45.85751893342341],[-123.18264211625575,45.857520051419485],[-123.18265669591085,45.85752122270732],[-123.18267126646333,45.85752244641749],[-123.18268214562929,45.85752339571292],[-123.18269674284925,45.857524719625964],[-123.18271129197309,45.85752608876442],[-123.18272582041172,45.8575275105941],[-123.18274034631102,45.85752898739454],[-123.18275484637735,45.85753051700568],[-123.18276569646628,45.85753169472463],[-123.18278023594202,45.857533321542185],[-123.18279471711146,45.857534995622665],[-123.18280918016995,45.857536722334615],[-123.18282362640446,45.857538501648264],[-123.18283441057382,45.857539864536385],[-123.18284889252806,45.85754174474304],[-123.18286324728308,45.857543659408115],[-123.18287404327602,45.85754513544625],[-123.18288845078087,45.85754715691064],[-123.18290286591423,45.8575492304091],[-123.18291358428912,45.85755080816998],[-123.18292431458492,45.85755241986167],[-123.18293865582909,45.857554619301624],[-123.18295300234185,45.85755687533158],[-123.18296725666009,45.85755917040899],[-123.18298157467353,45.85756153152283],[-123.18299581619267,45.85756393672107],[-123.18300297489253,45.85756516499546],[-123.18341420784155,45.85763615878377],[-123.18342052511701,45.857637276034815],[-123.18342680339471,45.85763841309565],[-123.18343302843252,45.85763956849638],[-123.18343934445214,45.85764076769591],[-123.18344556296185,45.857641975460496],[-123.18345183744877,45.85764322243518],[-123.18345805590802,45.85764448331346],[-123.18346426012134,45.857645769728386],[-123.1834705112603,45.85764709466338],[-123.18347668157716,45.85764842687573],[-123.18348291838086,45.85764980255537],[-123.18348904321863,45.85765118083417],[-123.18349526315589,45.857652608217435],[-123.18350134628992,45.85765403067451],[-123.18350752332205,45.85765550406443],[-123.18351681357167,45.85765777298995],[-123.18352281402933,45.857659272083964],[-123.18352893442373,45.85766082780779],[-123.18353503276498,45.85766240744913],[-123.18354111806168,45.85766401079884],[-123.18354715252148,45.857665628831846],[-123.1835562707158,45.85766812680471],[-123.18356225373238,45.85766980094496],[-123.18356831378831,45.857671523708746],[-123.18357422511613,45.85767323462152],[-123.18358025011722,45.85767500591042],[-123.18358623466263,45.85767679344209],[-123.1835921839858,45.85767859889545],[-123.18359813592204,45.85768043219478],[-123.18360401750301,45.857682276129566],[-123.18360993035246,45.85768415444676],[-123.18361586430302,45.8576860700831],[-123.18362170151742,45.85768798346402],[-123.18362759771097,45.857689944987605],[-123.18363343903566,45.85769191768725],[-123.18363925298823,45.857693910827074],[-123.18364505917265,45.857695930253456],[-123.18365084703657,45.85769797081005],[-123.18365665205508,45.857700046976994],[-123.18366240486428,45.85770213605876],[-123.1836681577554,45.85770425394549],[-123.18367098021456,45.857705301989185],[-123.18367672482063,45.85770746237836],[-123.18368241575924,45.85770963211532],[-123.18368813946732,45.857711840701036],[-123.1836937925635,45.85771405452681],[-123.18369938281252,45.85771627431269],[-123.18370506245364,45.857718558639256],[-123.1837106581,45.85772083771401],[-123.1837162278324,45.857723140796],[-123.1837218081992,45.857725477839296],[-123.18372735840617,45.857727830886375],[-123.1837328706888,45.85773019921735],[-123.18373838172367,45.85773259548393],[-123.18453394173285,45.85808323404297],[-123.18454327088399,45.85808737444957],[-123.18454942105267,45.858090123125706],[-123.18455874925418,45.85809432476836],[-123.18456796729394,45.85809851276486],[-123.18457718052584,45.85810273508083],[-123.1845863861192,45.85810698638064],[-123.1845986259063,45.858112700287904],[-123.18460771322574,45.85811698404051],[-123.18461684579758,45.858121325255894],[-123.18462592603255,45.85812567668837],[-123.18463500549176,45.858130065947634],[-123.1846440340294,45.85813446809183],[-123.18465301018733,45.858138879553934],[-123.18466203957638,45.85814335369484],[-123.1846739826541,45.858149330149466],[-123.18468289226837,45.858153832277054],[-123.18469480942575,45.85815991375758],[-123.18470366382455,45.858164473880194],[-123.18471250033191,45.858169064125136],[-123.18472134378548,45.858173692017424],[-123.1847300994264,45.85817831564715],[-123.18473888590657,45.85818299167314],[-123.1847475883066,45.858187660649214],[-123.1847563269505,45.85819238729733],[-123.18476211356139,45.85819553690449],[-123.18477078536687,45.85820029391122],[-123.18477945755532,45.85820508601709],[-123.18478803502566,45.8582098641184],[-123.18479375350879,45.8582130711204],[-123.18480233543453,45.85821791573375],[-123.18480802427251,45.85822114953013],[-123.18481942167607,45.858227679679466],[-123.18482503226697,45.85823092069391],[-123.18483353786739,45.85823586700272],[-123.18484198564066,45.85824081645466],[-123.18485039167247,45.858245782179324],[-123.18486158997173,45.85825246008507],[-123.18486712994431,45.85825578735892],[-123.18487266030633,45.858259129259274],[-123.18488102321425,45.85826421751371],[-123.18488930560346,45.858269292334114],[-123.18489755431526,45.85827439044178],[-123.1849030349524,45.858277797411716],[-123.18490848208585,45.85828120425935],[-123.1849167035076,45.858286378618466],[-123.18492489228227,45.858291570839526],[-123.18493298101953,45.85829674557896],[-123.18494108485294,45.85830196677879],[-123.18494918143324,45.858307225055675],[-123.18495718831471,45.85831246651097],[-123.18496254058967,45.85831599168856],[-123.18496784859443,45.85831950709152],[-123.18497587095246,45.85832485711315],[-123.18498380477025,45.85833018758558],[-123.18499174458992,45.85833556292928],[-123.18499958686044,45.85834091893308],[-123.18500744169602,45.858346322356375],[-123.18501265098374,45.858349929172675],[-123.18502049058522,45.858355391463526],[-123.18502824971073,45.85836084121974],[-123.18503337341495,45.85836446352656],[-123.1850411401692,45.85836999232437],[-123.18504881971292,45.85837550244248],[-123.18505390840781,45.85837917417377],[-123.18506156744124,45.858384740581364],[-123.18506917126413,45.8583903109717],[-123.18507421971621,45.85839403044864],[-123.18507923595163,45.85839774977355],[-123.18508679412456,45.85840338964018],[-123.18509428211722,45.85840901673312],[-123.18510176058238,45.85841468725761],[-123.18510922501724,45.85842038781494],[-123.18527186327768,45.85854509396608],[-123.18527461609963,45.85854719505093],[-123.1852774643236,45.85854935153364],[-123.18528034772437,45.85855151620136],[-123.18528322203412,45.85855365227302],[-123.18528613302156,45.8585558009959],[-123.18528903092867,45.858557918514734],[-123.18529196825868,45.85856005222189],[-123.1852949255816,45.85856217286136],[-123.18529783164564,45.85856424517936],[-123.18530083808851,45.858566369178654],[-123.18530383415336,45.85856846461183],[-123.18530677750115,45.858570508156454],[-123.18530979334517,45.85857258602573],[-123.18531279482181,45.85857463272089],[-123.18531583692281,45.85857669377596],[-123.18531889644272,45.85857874182316],[-123.18532189955579,45.85858074166847],[-123.18532498018475,45.858582773021084],[-123.1853280745856,45.85858479595166],[-123.18533118009886,45.85858680872155],[-123.18533426738378,45.85858879040697],[-123.18533736324989,45.858590762890756],[-123.18534050879205,45.85859275042439],[-123.18534366531823,45.858594725099636],[-123.18534679842529,45.85859666791079],[-123.18534997734743,45.858598625861525],[-123.18535313924264,45.85860055089947],[-123.18535634043232,45.85860248942802],[-123.18535955904105,45.85860441494866],[-123.18536268816939,45.85860627413108],[-123.18536595851482,45.858608203850906],[-123.18536924760906,45.85861012143212],[-123.18537244186099,45.858611968298625],[-123.18537568317221,45.85861382937552],[-123.18537897132882,45.85861570016664],[-123.18538223078986,45.858617536515695],[-123.18538553859729,45.85861938704519],[-123.18538886523899,45.85862122723455],[-123.18539220174888,45.858623058192336],[-123.18539560582438,45.85862490108365],[-123.18539658806259,45.85851680641596],[-123.18539756257475,45.85851746614483]]]},"properties":{"boundary_change":"1986-42","initial_date":"6/17/1985","completed_date":"5/1/1986","dor_approved":"Yes","dor_id":"5-64-85","dor_date":"8/6/1985","image":"1986-01.tif","pdf_url":"https://geospatial-data.vernonia-or.gov/annexations/pdf/1986-01.pdf"}},{"type":"Feature","geometry":{"type":"Polygon","coordinates":[[[-123.17339320834468,45.860683892767206],[-123.17340141518639,45.860706016674044],[-123.17340945123223,45.86072817963895],[-123.17342338258868,45.86076153280376],[-123.17343828612651,45.86079468253799],[-123.17346027403981,45.86083553722865],[-123.17346347262612,45.8608421860813],[-123.17348013814774,45.86087681732737],[-123.17350517647067,45.86095328071443],[-123.17350672811402,45.860958019585155],[-123.17353277654638,45.86103929377559],[-123.17355295898871,45.86110072328843],[-123.17357367476765,45.86116206844407],[-123.17359012420505,45.86120320334796],[-123.1736076354974,45.86124415074956],[-123.173622713032,45.86128213690882],[-123.17363630970885,45.861320521906485],[-123.17364647766755,45.86136627347568],[-123.17365068991452,45.86141239685572],[-123.17365289579018,45.861459032055016],[-123.17365510930662,45.86150566527639],[-123.17365822527594,45.861553451507866],[-123.17366130611637,45.86160123044907],[-123.17365799895478,45.861654181261336],[-123.17365587422586,45.86170706961429],[-123.17366540203525,45.861789370438316],[-123.17367645251845,45.86187163694044],[-123.17368108200101,45.86190247215881],[-123.17368539486915,45.86193331470003],[-123.17368822599762,45.86199423179225],[-123.17368699409572,45.86205524826226],[-123.17368528969149,45.86208358784112],[-123.17368383664873,45.862111929707545],[-123.1736879523899,45.86215005957027],[-123.17369162538219,45.86218819967318],[-123.17369046654193,45.86223403497229],[-123.17368928856402,45.86227987431408],[-123.17368791226752,45.862338849722],[-123.1736865242566,45.86239782269875],[-123.17367453556172,45.862450074078545],[-123.17366140183493,45.8625022808224],[-123.173661840402,45.86256325594134],[-123.17366216956768,45.86262423358929],[-123.17365922868854,45.862654922521514],[-123.17365672574833,45.862685635532266],[-123.17365493246842,45.86273001994087],[-123.17365341543264,45.862774415063384],[-123.1736520274258,45.86281557811945],[-123.17365146945478,45.86285674628248],[-123.17365374138294,45.86293022622387],[-123.17365759374243,45.86300366690833],[-123.17366052992062,45.86305641297102],[-123.17366343006552,45.86310915986612],[-123.17366465123196,45.863142979807286],[-123.1736657977907,45.86317680237392],[-123.17366979218411,45.86323945335838],[-123.17367591211237,45.86330203897524],[-123.17368202440083,45.86334567338558],[-123.17368839991597,45.86338928820355],[-123.17369343747684,45.86343351820804],[-123.17369760418593,45.86347777915668],[-123.17369823760914,45.8635419680244],[-123.17370034259197,45.86360610394969],[-123.17370814029674,45.863654387704926],[-123.17371661119165,45.86370260187542],[-123.1737238951887,45.86375554353281],[-123.17373165118673,45.863808466169836],[-123.17375646283453,45.86386023452911],[-123.17378663060789,45.86391107150061],[-123.17380183561198,45.86397035561393],[-123.17381896732148,45.86402937460603],[-123.17383572492751,45.86405771293545],[-123.17385338160116,45.86408577210414],[-123.17387398198332,45.864139757858865],[-123.17389690308042,45.864193309137534],[-123.17393160345156,45.86422588564368],[-123.17393586470389,45.864229883965265],[-123.17397553261804,45.8642661894818],[-123.17405104609935,45.86437940498086],[-123.1741266001682,45.8644926275957],[-123.17416861140376,45.86455474298813],[-123.17421100058598,45.86461672899361],[-123.17424694740652,45.864656563835084],[-123.17428490430244,45.864695553671936],[-123.17432064036467,45.86475380281293],[-123.17435723913708,45.86481176552044],[-123.1744310449808,45.86487970784596],[-123.17450566700391,45.864947222544984],[-123.17456226576677,45.86502122435729],[-123.17462186845172,45.86509400616427],[-123.17469319626554,45.86516179501368],[-123.17476463595051,45.86522952091821],[-123.17476531879198,45.86523017127948],[-123.1748222598398,45.8652878144028],[-123.17488041481566,45.86534589212219],[-123.17496358130686,45.86542148182809],[-123.17503624954877,45.86432287793329],[-123.17604258835709,45.86395970065346],[-123.17560829161494,45.86319434881365],[-123.17516281930114,45.862409278171654],[-123.17518901638185,45.862011725012245],[-123.1752430786378,45.86119141243859],[-123.17526210599569,45.86090265262238],[-123.17528396138216,45.86062598747392],[-123.17338711875817,45.860668927941255],[-123.17339320834468,45.860683892767206]]]},"properties":{"boundary_change":"79-1275","initial_date":"7/26/1978","completed_date":"2/27/1979","dor_approved":"No, n/a, or unknown","dor_id":" ","dor_date":"Unknown","image":"1978-12.tif","pdf_url":"https://geospatial-data.vernonia-or.gov/annexations/pdf/1978-12.pdf"}},{"type":"Feature","geometry":{"type":"Polygon","coordinates":[[[-123.18003529644345,45.85755348385213],[-123.18003918990814,45.857553591623834],[-123.18004308204316,45.85755369852599],[-123.18004328179843,45.857635407944954],[-123.18010313688085,45.85763742561776],[-123.18033219652015,45.8576386164018],[-123.18056113330208,45.857633287471955],[-123.18078957126687,45.85762144574625],[-123.1809856174081,45.85760604283591],[-123.18130981535535,45.85757653916578],[-123.18131318656815,45.8575762305039],[-123.18131655662211,45.85757592456944],[-123.18131992667603,45.857575618634904],[-123.18132329801692,45.857575312670406],[-123.18132666807075,45.85757500673565],[-123.18133003953974,45.85757470346866],[-123.1813334095935,45.85757439753373],[-123.18133677977544,45.85757409429638],[-123.18134015124431,45.85757379102907],[-123.18134352142616,45.857573487791534],[-123.18134444638156,45.857573404218925],[-123.18134689551161,45.857573185363556],[-123.1814253217487,45.857566235623274],[-123.18150614926635,45.85755928053317],[-123.18157549925611,45.857553479286565],[-123.18164100593705,45.85754813805744],[-123.1816950073592,45.85754388202963],[-123.18168180140476,45.85746208811876],[-123.18168567791085,45.85746178482669],[-123.18122542307219,45.85708004364306],[-123.18078309826367,45.85709734688999],[-123.18003421765536,45.85711197244001],[-123.18003529644345,45.85755348385213]]]},"properties":{"boundary_change":"78-1044","initial_date":"4/6/1977","completed_date":"4/26/1977","dor_approved":"Yes","dor_id":"5-9-1977","dor_date":"4/26/1977","image":"1978-08.tif","pdf_url":"https://geospatial-data.vernonia-or.gov/annexations/pdf/1978-08.pdf"}},{"type":"Feature","geometry":{"type":"Polygon","coordinates":[[[-123.17340939471538,45.86700273014245],[-123.17237723617929,45.86699731519049],[-123.17214205262222,45.86699608008892],[-123.17162683763873,45.86699337199309],[-123.17110520523975,45.866990628938],[-123.17049694869252,45.86698742792004],[-123.16988869607587,45.866984223613656],[-123.16988456695626,45.867395614558895],[-123.16988112828213,45.867738434541586],[-123.1698792672069,45.86792395055127],[-123.1698777842113,45.86807165420473],[-123.16987429560007,45.86841949304371],[-123.16987060990667,45.86878680442111],[-123.16986179937757,45.86966494266578],[-123.17138065852505,45.869677070176806],[-123.17220091912198,45.86968360953126],[-123.17259780420893,45.868803191725654],[-123.17276291673075,45.86843691183037],[-123.17291926983583,45.868090056428606],[-123.17306904580698,45.86775779136486],[-123.1731280722999,45.867626839543654],[-123.17326574808914,45.86732141027461],[-123.17340939471538,45.86700273014245]]]},"properties":{"boundary_change":"1976-917","initial_date":"5/5/1976","completed_date":"5/5/1976","dor_approved":"No, n/a, or unknown","dor_id":" ","dor_date":"Unknown","image":"1976-01.tif","pdf_url":"https://geospatial-data.vernonia-or.gov/annexations/pdf/1976-01.pdf"}},{"type":"Feature","geometry":{"type":"Polygon","coordinates":[[[-123.17220091912198,45.86968360953126],[-123.17138065852505,45.869677070176806],[-123.16986179937757,45.86966494266578],[-123.16985916718899,45.8699273780168],[-123.17137705815747,45.869939456978756],[-123.17208305157268,45.86994507088522],[-123.17220091912198,45.86968360953126]]]},"properties":{"boundary_change":"1974-672","initial_date":"1/9/1974","completed_date":"1/9/1974","dor_approved":"No, n/a, or unknown","dor_id":" ","dor_date":"Unknown","image":"1974-01.tif","pdf_url":"https://geospatial-data.vernonia-or.gov/annexations/pdf/1974-01.pdf"}},{"type":"Feature","geometry":{"type":"Polygon","coordinates":[[[-123.17560829161494,45.86319434881365],[-123.17799387921427,45.86255924509453],[-123.17799439945574,45.86247125098722],[-123.17974581805363,45.8624784902132],[-123.18036577581915,45.86237611818172],[-123.1802665002209,45.8620719436521],[-123.18030739468624,45.86160290951506],[-123.18007251586187,45.86082601958736],[-123.1800485245318,45.860149075827394],[-123.17990788707958,45.859777520475475],[-123.1798285181844,45.859770223354616],[-123.17984651124117,45.86082822211345],[-123.1780049606701,45.86069821866399],[-123.17531172269155,45.86062672768835],[-123.17527444313706,45.861192432064875],[-123.1752430786378,45.86119141243859],[-123.17518901638185,45.862011725012245],[-123.17516281930114,45.862409278171654],[-123.17560829161494,45.86319434881365]]]},"properties":{"boundary_change":"2011-07","initial_date":"9/27/2010","completed_date":"3/23/2011","dor_approved":"Yes","dor_id":"5-308-2010","dor_date":"3/1/2011","image":"2011-07.tif","pdf_url":"https://geospatial-data.vernonia-or.gov/annexations/pdf/2011-07.pdf"}},{"type":"Feature","geometry":{"type":"Polygon","coordinates":[[[-123.164571171665,45.8608257099467],[-123.16678242126217,45.86076003885356],[-123.16674064288962,45.860094001086715],[-123.16670783648286,45.859571006704655],[-123.16670354317155,45.859502515565794],[-123.16669924583962,45.859434020917085],[-123.16667447820484,45.858832226831645],[-123.1659439106337,45.85885309862783],[-123.16596363629834,45.8578894614905],[-123.16596925528772,45.857614825194915],[-123.16596827805648,45.85760013999268],[-123.16590883253059,45.85756174761368],[-123.1652217450109,45.85758161507677],[-123.1652178473799,45.85750490207567],[-123.16468488075856,45.857516410699],[-123.164571171665,45.8608257099467]]]},"properties":{"boundary_change":"2007-02","initial_date":"6/21/2006","completed_date":"2/9/2007","dor_approved":"Yes","dor_id":"5-264-2006","dor_date":"6/29/2006","image":"2007-02.tif","pdf_url":"https://geospatial-data.vernonia-or.gov/annexations/pdf/2007-02.pdf"}},{"type":"Feature","geometry":{"type":"Polygon","coordinates":[[[-123.16817751048686,45.858789265465475],[-123.16746105124432,45.85880974738316],[-123.16747233654466,45.8590838847568],[-123.1674857865166,45.859410515998384],[-123.16748745504312,45.859476392261556],[-123.16889872908641,45.8594355898316],[-123.16889623775268,45.859395801039476],[-123.16889452568613,45.85936840194839],[-123.16887692398659,45.85907538523255],[-123.16887499032363,45.85904379084053],[-123.16885823480204,45.858769804953674],[-123.16817751048686,45.858789265465475]]]},"properties":{"boundary_change":"2007-02","initial_date":"6/21/2006","completed_date":"2/9/2007","dor_approved":"Yes","dor_id":"5-264-2006","dor_date":"6/29/2006","image":"2007-02.tif","pdf_url":"https://geospatial-data.vernonia-or.gov/annexations/pdf/2007-02.pdf"}},{"type":"Feature","geometry":{"type":"Polygon","coordinates":[[[-123.17503624954877,45.86432287793329],[-123.17496358130686,45.86542148182809],[-123.17505730738203,45.8655005414216],[-123.17515882836864,45.86557873369317],[-123.17525652410046,45.86565839803831],[-123.17531960876242,45.86572174926582],[-123.1754032553499,45.86581901559821],[-123.17555510133866,45.866008290952855],[-123.17562631648349,45.86610531102168],[-123.1757040838614,45.86621802681965],[-123.17574795818449,45.86629697401903],[-123.17578264051174,45.866392970728505],[-123.17582688269532,45.86652675512444],[-123.17586513762242,45.86664865208522],[-123.17589747025308,45.866746882570816],[-123.1759204375684,45.86684239782091],[-123.17591298448275,45.86693526570716],[-123.18029623332434,45.866966827957654],[-123.18053112737033,45.86696781013169],[-123.18053067540741,45.866808824843964],[-123.18053066838802,45.866807266727726],[-123.18051351748359,45.864015286324225],[-123.17906409476744,45.8639054836524],[-123.17886748725509,45.8638905880721],[-123.17872430373103,45.8638797402753],[-123.17768011413371,45.86385286925206],[-123.1771534623973,45.864066275185394],[-123.17604258835709,45.86395970065346],[-123.17503624954877,45.86432287793329]]]},"properties":{"boundary_change":"2005-06","initial_date":"9/17/2004","completed_date":"12/29/2004","dor_approved":"Yes","dor_id":"5-255-2004","dor_date":"12/29/2004","image":"2005-06.tif","pdf_url":"https://geospatial-data.vernonia-or.gov/annexations/pdf/2005-06.pdf"}},{"type":"Feature","geometry":{"type":"Polygon","coordinates":[[[-123.20596433486988,45.86276052084684],[-123.20466706855757,45.86275751261206],[-123.20454931203014,45.86275723853437],[-123.2040412937291,45.86275605662764],[-123.20403531383168,45.86399011414761],[-123.2059585863065,45.863994575833246],[-123.20596433486988,45.86276052084684]]]},"properties":{"boundary_change":"2004-02","initial_date":"6/23/2003","completed_date":"10/24/2003","dor_approved":"Yes","dor_id":"5-236-2003","dor_date":"6/19/2003","image":"2004-02.tif","pdf_url":"https://geospatial-data.vernonia-or.gov/annexations/pdf/2004-02.pdf"}},{"type":"Feature","geometry":{"type":"Polygon","coordinates":[[[-123.1634216395227,45.86761592936443],[-123.16342562119127,45.86724160761901],[-123.16210158340387,45.867234717797245],[-123.16210059871332,45.86732685826608],[-123.1613155177119,45.867322765414585],[-123.16133366185018,45.866856678067755],[-123.15959980280672,45.86684731620508],[-123.15956548702223,45.867595849809085],[-123.1634216395227,45.86761592936443]]]},"properties":{"boundary_change":"2002-03","initial_date":"1/2/2002","completed_date":"4/29/2002","dor_approved":"Yes","dor_id":"5-227-2002","dor_date":"4/16/2002","image":"2002-03.tif","pdf_url":"https://geospatial-data.vernonia-or.gov/annexations/pdf/2002-03.pdf"}},{"type":"Feature","geometry":{"type":"Polygon","coordinates":[[[-123.20212254924013,45.85899727349874],[-123.2021830958506,45.856895036101115],[-123.20120999985379,45.85689469817582],[-123.20116847388418,45.858321808246956],[-123.20114879754712,45.858998098232746],[-123.20160322243778,45.858997715283934],[-123.20199304544505,45.85899738415048],[-123.20212254924013,45.85899727349874]]]},"properties":{"boundary_change":"2001-01","initial_date":"4/7/2000","completed_date":"12/22/2000","dor_approved":"Yes","dor_id":"5-211-2000","dor_date":"5/2/2000","image":"2001-01.tif","pdf_url":"https://geospatial-data.vernonia-or.gov/annexations/pdf/2001-01.pdf"}},{"type":"Feature","geometry":{"type":"Polygon","coordinates":[[[-123.20315121909621,45.86702489096291],[-123.20328357814495,45.862754289024984],[-123.20279688343429,45.86275315301886],[-123.20269875061435,45.86275292234783],[-123.20260061783826,45.86275269249281],[-123.20117016252544,45.86274933535002],[-123.20108576947456,45.862749136933914],[-123.20103774102155,45.864295065274106],[-123.20103712938395,45.864314696421886],[-123.20101839884647,45.86491760491514],[-123.20100391601113,45.865383740638606],[-123.20099156344665,45.86578132823198],[-123.20097878451452,45.86619262357086],[-123.20095322763683,45.86701521941233],[-123.20315121909621,45.86702489096291]]]},"properties":{"boundary_change":"2000-16","initial_date":"12/10/1999","completed_date":"4/14/2000","dor_approved":"Yes","dor_id":"5-204-1999","dor_date":"12/16/1999","image":"2000-16.tif","pdf_url":"https://geospatial-data.vernonia-or.gov/annexations/pdf/2000-16.pdf"}},{"type":"Feature","geometry":{"type":"Polygon","coordinates":[[[-123.18437796808121,45.86665518148244],[-123.18437754596603,45.86639619154994],[-123.18535959285077,45.86639494474083],[-123.18535762574972,45.86396754455741],[-123.18537259935297,45.861704769234734],[-123.18295212255977,45.86171479237824],[-123.18295187681456,45.861879339687164],[-123.18295259926845,45.86215304967883],[-123.1829527088299,45.86219418545691],[-123.18295343142012,45.862467898112854],[-123.18283567793367,45.86246832834819],[-123.18271792191403,45.86246875942266],[-123.1827351807414,45.866896093501154],[-123.18414283715335,45.86690272746834],[-123.18437837091314,45.866905478408775],[-123.184378032352,45.86669631826323],[-123.18437796808121,45.86665518148244]]]},"properties":{"boundary_change":"2000-20","initial_date":"2/16/2000","completed_date":"4/14/2000","dor_approved":"Yes","dor_id":"5-210-2000","dor_date":"3/23/2000","image":"2000-20.tif","pdf_url":"https://geospatial-data.vernonia-or.gov/annexations/pdf/2000-20.pdf"}},{"type":"Feature","geometry":{"type":"Polygon","coordinates":[[[-123.16889623775268,45.859395801039476],[-123.16889872908641,45.8594355898316],[-123.16748745504312,45.859476392261556],[-123.16670354317155,45.859502515565794],[-123.16670783648286,45.859571006704655],[-123.16674064288962,45.860094001086715],[-123.16723005287082,45.860078738182445],[-123.16756333462988,45.86006834210571],[-123.16783779842545,45.86005978242476],[-123.16811226329725,45.860051219364905],[-123.16838672821336,45.86004265835126],[-123.16866119163157,45.86003409401813],[-123.16893565625355,45.86002552900379],[-123.16892023830403,45.859779181406005],[-123.16891864220793,45.85975368990183],[-123.1692553607953,45.859742776535626],[-123.1695922912274,45.85973498104756],[-123.16957660353935,45.85948525125646],[-123.16957487968432,45.8594578551416],[-123.16956983271443,45.85937565851648],[-123.16933038977264,45.85938281770524],[-123.1692320728614,45.85938575789478],[-123.16913378296725,45.859388697376616],[-123.16889623775268,45.859395801039476]]]},"properties":{"boundary_change":"1996-11","initial_date":"1/4/1996","completed_date":"1/23/1998","dor_approved":"Yes","dor_id":"5-154-1996","dor_date":"8/18/1997","image":"1996-11.tif","pdf_url":"https://geospatial-data.vernonia-or.gov/annexations/pdf/1996-11.pdf"}},{"type":"Feature","geometry":{"type":"Polygon","coordinates":[[[-123.16815125884264,45.87059303043346],[-123.16817392837834,45.86834640803655],[-123.1681766656098,45.86807491236418],[-123.16817901493222,45.867841808941854],[-123.16818131429183,45.86761418895501],[-123.1681836097713,45.8673865690371],[-123.16818938891386,45.866893130825964],[-123.16767840083462,45.866890251793706],[-123.1674519938495,45.8668890494971],[-123.16689327741557,45.86688607908801],[-123.16650584761497,45.86688401910075],[-123.16548105707572,45.866878560860556],[-123.16436337386318,45.86687214407071],[-123.16343813043817,45.86686733510702],[-123.16343725282181,45.86694960505337],[-123.1634216395227,45.86761592936443],[-123.15956548702223,45.867595849809085],[-123.15943133251504,45.870522029898],[-123.15963220392683,45.87052380506245],[-123.1619983406525,45.87054469961011],[-123.16516916427588,45.870571785732515],[-123.16815125884264,45.87059303043346]]]},"properties":{"boundary_change":"1998-01","initial_date":"10/22/1997","completed_date":"1/23/1998","dor_approved":"Yes","dor_id":"5-123-1996","dor_date":"8/18/1997","image":"1998-01.tif","pdf_url":"https://geospatial-data.vernonia-or.gov/annexations/pdf/1998-01.pdf"}},{"type":"Feature","geometry":{"type":"Polygon","coordinates":[[[-123.17798793685745,45.85749065045241],[-123.17584350033812,45.85729832607115],[-123.17551361750657,45.857282802627665],[-123.17551360883827,45.85728501106906],[-123.17538335175085,45.85728442077669],[-123.17525312678636,45.85728646453903],[-123.17455408238898,45.857304519136385],[-123.17353639940514,45.85733079366387],[-123.17310104679359,45.857342028616735],[-123.17309736413382,45.85734212728839],[-123.17309368074082,45.85734223767975],[-123.17309000270869,45.857342352448114],[-123.1730863212416,45.857342476297994],[-123.17308264414656,45.85734261084926],[-123.1730789634462,45.85734275088512],[-123.17307528711785,45.857342901622374],[-123.1730716071842,45.857343057844204],[-123.17306793166513,45.85734322566669],[-123.17306425648685,45.85734340068293],[-123.1730605817345,45.85734358469141],[-123.1730569073655,45.85734377679285],[-123.17305323337982,45.85734397698731],[-123.1730495636384,45.85734418518546],[-123.17304589041942,45.85734440156588],[-123.17304222148725,45.85734462684928],[-123.1730385530236,45.857344862024085],[-123.17303488485811,45.85734510349346],[-123.17303121707596,45.85734535305583],[-123.17302754980491,45.85734561340888],[-123.17302388665028,45.857345879067935],[-123.1730202240494,45.85734615641694],[-123.17301656178925,45.85734644095967],[-123.173012899955,45.85734673449465],[-123.17300924348157,45.857347032406615],[-123.17300558627487,45.8573473420383],[-123.17300192945149,45.85734765976295],[-123.17299827305402,45.85734798647987],[-123.17299462085815,45.85734832030123],[-123.17299096921599,45.85734866581253],[-123.17298732164767,45.85734901573057],[-123.17298367193135,45.85734937470042],[-123.17298002517224,45.857349741703715],[-123.17297638278508,45.85735011940841],[-123.17297273679259,45.85735050259768],[-123.17296909650167,45.857350897357854],[-123.17296545899757,45.85735129655459],[-123.17296181818624,45.85735170753048],[-123.17295818676705,45.85735212639106],[-123.17295455045544,45.857352550765995],[-123.1729509185158,45.85735298584234],[-123.17294729210738,45.8573534288926],[-123.17294366483783,45.857353880964915],[-123.17294003778119,45.857354337533245],[-123.17293641642614,45.85735480567246],[-123.17293279416737,45.85735528193445],[-123.17292917743978,45.85735576617038],[-123.17292555980848,45.85735625852904],[-123.17292194384748,45.857356758950964],[-123.17291833487491,45.85735727091401],[-123.17291472354137,45.857357787432655],[-123.17291112035548,45.857358312764966],[-123.17290751240498,45.857358846309296],[-123.17290391384657,45.85735938773831],[-123.1729003157992,45.85735993995798],[-123.17289671672032,45.85736049760277],[-123.1728931232152,45.85736106412073],[-123.17288953009337,45.85736163873171],[-123.17288594516178,45.85736222305552],[-123.1728823553804,45.85736281379295],[-123.17287877499105,45.85736341241503],[-123.17287519511274,45.85736402182783],[-123.17287161553254,45.85736463753519],[-123.17286804414258,45.85736526295541],[-123.17286447305067,45.85736589467018],[-123.17286090234205,45.857366534477954],[-123.17285733600534,45.85736718498712],[-123.17285377378502,45.85736784080233],[-123.17285021580885,45.857368504621256],[-123.17284665834373,45.85736917923086],[-123.17284310632456,45.85736986001597],[-123.17283955734773,45.85737055063302],[-123.17283601252984,45.85737124745533],[-123.17283246809524,45.857371952370656],[-123.17282892931954,45.85737266795761],[-123.17282539337322,45.857373388880355],[-123.1728218578101,45.85737411789611],[-123.17281832782078,45.857374855785054],[-123.17281480091634,45.85737560440521],[-123.17281127937267,45.85737635740233],[-123.17280776082873,45.85737711933219],[-123.17280424395504,45.85737788932533],[-123.17280073518639,45.857378667232865],[-123.17279722555652,45.85737945416247],[-123.17279372141525,45.857380248166706],[-123.17279022156067,45.857381051073965],[-123.17278672595023,45.85738186198495],[-123.172783229436,45.857382681018656],[-123.17277974231382,45.85738350793709],[-123.17277625557487,45.85738434294849],[-123.17277277295226,45.85738518326592],[-123.17276929860506,45.857386035094784],[-123.17276582447067,45.857386891419644],[-123.1727623547508,45.85738775934521],[-123.17275888914727,45.85738863257681],[-123.17275542920265,45.85738951648007],[-123.17275197208734,45.85739040571908],[-123.17274851921616,45.85739130296183],[-123.17274506677077,45.857392209196874],[-123.17274162367484,45.8573931224173],[-123.17273818357857,45.857394044570505],[-123.17273474901344,45.857394974697655],[-123.17273131740542,45.8573959128583],[-123.17272789120072,45.857396856295196],[-123.1727244681235,45.85739781136257],[-123.17272105040702,45.857398770806924],[-123.17271763693465,45.85739973825502],[-123.17271422646198,45.85740071463587],[-123.17271082164815,45.85740170168838],[-123.17270742468384,45.85740269125994],[-123.17270402823046,45.85740369162221],[-123.17270063988207,45.85740469989892],[-123.1726972518317,45.8574057144702],[-123.17269387197155,45.857406738754364],[-123.17269049627026,45.85740776924384],[-123.1726871248131,45.85740880773705],[-123.17268375888703,45.857409854204214],[-123.17268039591805,45.857410908704864],[-123.17267704105406,45.85741197111999],[-123.17267368773248,45.85741303890068],[-123.1726703412715,45.85741411552481],[-123.17223890817084,45.857441884529294],[-123.17226067315565,45.85747293581676],[-123.17228657481948,45.857511407391144],[-123.17232256495775,45.857549044367964],[-123.17233879843016,45.85756601807177],[-123.1723492075755,45.85757726060559],[-123.17238982046001,45.85762112642573],[-123.17242608523283,45.85767152393028],[-123.17246146165607,45.85772223273448],[-123.17249234291145,45.85776831571173],[-123.17252375657098,45.857814213528954],[-123.17255412278833,45.857850997432365],[-123.17255689723447,45.85785435501474],[-123.17258516775046,45.85788753067699],[-123.17261633356986,45.85792876386393],[-123.17263993968412,45.85796062321901],[-123.17264702113322,45.857970180943504],[-123.17267234109347,45.85800530986907],[-123.17268018264728,45.858016471310464],[-123.17269071883523,45.85803148099516],[-123.17275551217078,45.85826117252947],[-123.17276606713031,45.858287865716626],[-123.17278250305849,45.858313485785025],[-123.17281484977335,45.858343845774506],[-123.17281762350511,45.8583470242238],[-123.1728481420232,45.858382035601245],[-123.17286195347995,45.85843303230812],[-123.1728652474398,45.8584844036557],[-123.17286517709051,45.85848615530828],[-123.17286339368307,45.858529588905924],[-123.1728628435123,45.858574768316636],[-123.1728660944878,45.85861984632441],[-123.17286673556524,45.858628729264396],[-123.1728693402779,45.85866492355114],[-123.17287233764873,45.85871857390544],[-123.1728733143084,45.85877226828561],[-123.17287191952718,45.85879257166888],[-123.17286966350451,45.85881283555311],[-123.17286581189917,45.85883200025743],[-123.17286448293218,45.85885113633466],[-123.17286827725216,45.85887485398268],[-123.17287207161793,45.85889857252962],[-123.17287435933743,45.85891246131775],[-123.17287713797401,45.85892934278413],[-123.1728837787495,45.85897164534361],[-123.17289056985899,45.85901393902455],[-123.17289961656786,45.85904648608843],[-123.1729103498316,45.85907884291393],[-123.17292147090127,45.859121780044646],[-123.17292356721885,45.85912972371095],[-123.17293279182407,45.85916469274761],[-123.17293949573228,45.8591851797394],[-123.17294662155905,45.85920695779018],[-123.17296018386313,45.85924926142304],[-123.17296963474223,45.85928696638981],[-123.17297760918892,45.85931983171353],[-123.17297878935652,45.859324699811914],[-123.1729886763544,45.85935765774014],[-123.1729957371853,45.85938592336662],[-123.17299695802,45.859390806728285],[-123.17300152759479,45.8594367904564],[-123.17300465952894,45.85948283353565],[-123.17300748831806,45.85951429017863],[-123.17301097666856,45.85954571716526],[-123.17301895111966,45.859580022834045],[-123.17302841941942,45.85961417692797],[-123.1730347414819,45.859647897855844],[-123.17304163435894,45.85968156507296],[-123.17305389245243,45.85971956069788],[-123.17306694464854,45.85975742903087],[-123.1730709004401,45.85977253054124],[-123.17307582355626,45.85979132488387],[-123.17308472933172,45.85982521651381],[-123.17309838721289,45.85985677650708],[-123.17311239871847,45.85988826710595],[-123.17312431196787,45.859945009648285],[-123.1731359868765,45.86000177930582],[-123.17314546062356,45.86002494879449],[-123.1731657987931,45.86007466923719],[-123.1731942134253,45.86014781652959],[-123.17320442088905,45.86019085127226],[-123.17320520454506,45.860194229673596],[-123.1732159635304,45.86024069229538],[-123.17322937282493,45.860289574625014],[-123.17324563085131,45.86033804808721],[-123.17325542271816,45.86035813956371],[-123.1732653889067,45.860378592496566],[-123.17328543716349,45.860419033867636],[-123.17330046428813,45.860455965280465],[-123.17331549138984,45.86049289579157],[-123.17332675941282,45.86052059237652],[-123.17333803130796,45.860548288870774],[-123.17335059133882,45.860579160350106],[-123.17336315267045,45.86061003179793],[-123.1733781798542,45.860646962298674],[-123.17338711875817,45.860668927941255],[-123.17528396138216,45.86062598747392],[-123.17531172269155,45.86062672768835],[-123.1780049606701,45.86069821866399],[-123.17800307352006,45.860028074495645],[-123.17800217574766,45.85970995738888],[-123.17800187303646,45.859602289025446],[-123.17800096045617,45.85946390665787],[-123.1779942616666,45.85844901613581],[-123.17799335760343,45.85831189832047],[-123.17798846825337,45.857571130523915],[-123.17798793685745,45.85749065045241]]]},"properties":{"boundary_change":"1964-385","initial_date":"9/3/1963","completed_date":"4/17/1964","dor_approved":"No, n/a, or unknown","dor_id":" ","dor_date":"Unknown","image":"1963-04.tif","pdf_url":"https://geospatial-data.vernonia-or.gov/annexations/pdf/1963-04.pdf"}},{"type":"Feature","geometry":{"type":"Polygon","coordinates":[[[-123.1853574588559,45.8606328431833],[-123.18515954451634,45.860636077045],[-123.1849631844927,45.86063699149857],[-123.18476682304728,45.8606379029509],[-123.18457046288259,45.86063881403989],[-123.18437409773449,45.860639728511934],[-123.18413859125533,45.860640820579356],[-123.18413692094369,45.861120777811166],[-123.18437242976759,45.861119692941145],[-123.18476581099173,45.86111788013619],[-123.18535588400337,45.8611151570408],[-123.18535589210002,45.860950609634855],[-123.18535590374306,45.86067629796153],[-123.1853574588559,45.8606328431833]]]},"properties":{"boundary_change":"1966-417","initial_date":"6/21/1965","completed_date":"2/2/1966","dor_approved":"No, n/a, or unknown","dor_id":" ","dor_date":"Unknown","image":"1965-15.tif","pdf_url":"https://geospatial-data.vernonia-or.gov/annexations/pdf/1965-15.pdf"}},{"type":"Feature","geometry":{"type":"Polygon","coordinates":[[[-123.18535592031678,45.8601963824087],[-123.18538032900462,45.860196578737984],[-123.18539068742858,45.85916560317707],[-123.18535596422156,45.85916627664624],[-123.18516061496591,45.8591665559202],[-123.18496526575113,45.85916683576336],[-123.18476991649162,45.859167114377236],[-123.18457456727296,45.85916739356034],[-123.18437921929663,45.85916767148426],[-123.18426121919563,45.859166647097105],[-123.18414372176709,45.859168010010954],[-123.18394748156848,45.859170278512266],[-123.18375124547171,45.859172551986255],[-123.18355500536985,45.859174822519144],[-123.1833587653805,45.8591770954167],[-123.18316252653412,45.85917936525362],[-123.18296629037415,45.85918163739543],[-123.18291863718731,45.859182188951394],[-123.1829143252844,45.8595379480177],[-123.18291408248172,45.85962204972616],[-123.18296383853175,45.85961994869986],[-123.18316022673757,45.85961886406281],[-123.18335661107481,45.859617779181825],[-123.18355300299827,45.859616691090345],[-123.18374939113868,45.859615604553426],[-123.18394577931426,45.85961451858215],[-123.18414217121502,45.85961342949004],[-123.18414121612791,45.85988742546364],[-123.18414107146461,45.85992856179877],[-123.18437657640945,45.85992731035318],[-123.18457244865701,45.859926270432936],[-123.1847683222272,45.859925231050234],[-123.18496419188632,45.859924190526186],[-123.18516006415501,45.859923150509815],[-123.18535593379971,45.85992210932217],[-123.18535592031678,45.8601963824087]]]},"properties":{"boundary_change":"1966-417","initial_date":"6/21/1965","completed_date":"2/2/1966","dor_approved":"No, n/a, or unknown","dor_id":" ","dor_date":"Unknown","image":"1965-15.tif","pdf_url":"https://geospatial-data.vernonia-or.gov/annexations/pdf/1965-15.pdf"}},{"type":"Feature","geometry":{"type":"Polygon","coordinates":[[[-123.18537259935297,45.861704769234734],[-123.18555295899432,45.86170401975709],[-123.1855527812565,45.86142970173881],[-123.18555275097154,45.86138856586564],[-123.18555257709687,45.86111424772414],[-123.18535588400337,45.8611151570408],[-123.18476581099173,45.86111788013619],[-123.18437242976759,45.861119692941145],[-123.18413692094369,45.861120777811166],[-123.18374308376505,45.86112259276021],[-123.18334925033673,45.86112440447986],[-123.18295541430905,45.861126214917924],[-123.18295388627749,45.86139993491403],[-123.18295365442683,45.86144107142667],[-123.18295212255977,45.86171479237824],[-123.18413486555806,45.861709896723845],[-123.18437037836904,45.86170892525078],[-123.18537259935297,45.861704769234734]]]},"properties":{"boundary_change":"1964-405","initial_date":"4/20/1964","completed_date":"4/20/1964","dor_approved":"No, n/a, or unknown","dor_id":" ","dor_date":"Unknown","image":"1964-02.tif","pdf_url":"https://geospatial-data.vernonia-or.gov/annexations/pdf/1964-02.pdf"}},{"type":"Feature","geometry":{"type":"Polygon","coordinates":[[[-123.17200327733752,45.87066982118134],[-123.17183026879142,45.87105358850597],[-123.17163561576946,45.87148536442487],[-123.17321061829837,45.871497376132126],[-123.17329907310013,45.87149805040354],[-123.17340826306226,45.87106562082858],[-123.17359383678267,45.87063295050992],[-123.1734994539069,45.87063229925319],[-123.17202478811917,45.870622099675515],[-123.17200327733752,45.87066982118134]]]},"properties":{"boundary_change":"1965-410","initial_date":"3/1/1965","completed_date":"6/25/1965","dor_approved":"Yes","dor_id":"11924","dor_date":"3/3/1965","image":"1965-13.tif","pdf_url":"https://geospatial-data.vernonia-or.gov/annexations/pdf/1965-13.pdf"}},{"type":"Feature","geometry":{"type":"Polygon","coordinates":[[[-123.17551361750657,45.857282802627665],[-123.17584350033812,45.85729832607115],[-123.17798793685745,45.85749065045241],[-123.17798846825337,45.857571130523915],[-123.17799335760343,45.85831189832047],[-123.1779942616666,45.85844901613581],[-123.17800096045617,45.85946390665787],[-123.17800187303646,45.859602289025446],[-123.17800217574766,45.85970995738888],[-123.17800307352006,45.860028074495645],[-123.1780049606701,45.86069821866399],[-123.17984651124117,45.86082822211345],[-123.1798285181844,45.859770223354616],[-123.17990788707958,45.859777520475475],[-123.18003407856474,45.85978912065311],[-123.18016026739963,45.85980071805494],[-123.18093856057209,45.859872259221284],[-123.18165871605116,45.85993845264651],[-123.1827078997987,45.86003487804125],[-123.18290807863114,45.860053274920034],[-123.18296138636501,45.860058172615],[-123.18296054850174,45.86020853186916],[-123.18296008760743,45.860290809368124],[-123.18295962662626,45.86037308506605],[-123.18295809755922,45.860646294741166],[-123.1829579842111,45.86066686294381],[-123.18295787086291,45.86068743114632],[-123.18295633638014,45.86096166536599],[-123.18295587530251,45.86104393924402],[-123.18295541430905,45.861126214917924],[-123.18315233039547,45.861125309911365],[-123.18334925033673,45.86112440447986],[-123.18354616769759,45.86112349877278],[-123.18374308376505,45.86112259276021],[-123.18393999978345,45.86112168551313],[-123.18413692094369,45.861120777811166],[-123.18413749305637,45.860956229994294],[-123.18413851965087,45.86066139052453],[-123.18413859125533,45.860640820579356],[-123.18437409773449,45.860639728511934],[-123.18457046288259,45.86063881403989],[-123.18477197186411,45.86063787878543],[-123.1849631844927,45.86063699149857],[-123.18515954451634,45.860636077045],[-123.18535737569741,45.86063515688764],[-123.18555226209891,45.86063424989503],[-123.18555194209783,45.860277080336125],[-123.18555197730439,45.86019538607102],[-123.18538033311783,45.86019625906319],[-123.18535595768331,45.86019638244081],[-123.18535593379971,45.85992210932217],[-123.18516006415501,45.859923150509815],[-123.18496419188632,45.859924190526186],[-123.1847683222272,45.859925231050234],[-123.18457244865701,45.859926270432936],[-123.18437657640945,45.85992731035318],[-123.18414107146461,45.85992856179877],[-123.18414121612791,45.85988742546364],[-123.18414217121502,45.85961342949004],[-123.18394577931426,45.85961451858215],[-123.18374939113868,45.859615604553426],[-123.18355300299827,45.859616691090345],[-123.18335661107481,45.859617779181825],[-123.18316022673757,45.85961886406281],[-123.18296383853175,45.85961994869986],[-123.18291408248172,45.85962204972616],[-123.1829143252844,45.8595379480177],[-123.18291863718731,45.859182188951394],[-123.18296629037415,45.85918163739543],[-123.18316252653412,45.85917936525362],[-123.1833587653805,45.8591770954167],[-123.18355500536985,45.859174822519144],[-123.18375124547171,45.859172551986255],[-123.18394748156848,45.859170278512266],[-123.18414372176709,45.859168010010954],[-123.18426121919563,45.859166647097105],[-123.18437921929663,45.85916767148426],[-123.18457456727296,45.85916739356034],[-123.18476991649162,45.859167114377236],[-123.18496526575113,45.85916683576336],[-123.18516061496591,45.8591665559202],[-123.18535596422156,45.85916627664624],[-123.18539068742858,45.85916560317707],[-123.18539560582438,45.85862490108365],[-123.18539220174888,45.858623058192336],[-123.18538886523899,45.85862122723455],[-123.18538553859729,45.85861938704519],[-123.18538223078986,45.858617536515695],[-123.18537897132882,45.85861570016664],[-123.18537568317221,45.85861382937552],[-123.18537244186099,45.858611968298625],[-123.18536924760906,45.85861012143212],[-123.18536595851482,45.858608203850906],[-123.18536268816939,45.85860627413108],[-123.18535955904105,45.85860441494866],[-123.18535634043232,45.85860248942802],[-123.18535313924264,45.85860055089947],[-123.18534997734743,45.858598625861525],[-123.18534679842529,45.85859666791079],[-123.18534366531823,45.858594725099636],[-123.18534050879205,45.85859275042439],[-123.18533736324989,45.858590762890756],[-123.18533426738378,45.85858879040697],[-123.18533118009886,45.85858680872155],[-123.1853280745856,45.85858479595166],[-123.18532498018475,45.858582773021084],[-123.18532189955579,45.85858074166847],[-123.18531889644272,45.85857874182316],[-123.18531583692281,45.85857669377596],[-123.18531279482181,45.85857463272089],[-123.18530979334517,45.85857258602573],[-123.18530677750115,45.858570508156454],[-123.18530383415336,45.85856846461183],[-123.18530083808851,45.858566369178654],[-123.18529783164564,45.85856424517936],[-123.1852949255816,45.85856217286136],[-123.18529196825868,45.85856005222189],[-123.18528903092867,45.858557918514734],[-123.18528613302156,45.8585558009959],[-123.18528322203412,45.85855365227302],[-123.18528034772437,45.85855151620136],[-123.1852774643236,45.85854935153364],[-123.18527461609963,45.85854719505093],[-123.18527186327768,45.85854509396608],[-123.18510922501724,45.85842038781494],[-123.18510176058238,45.85841468725761],[-123.18509428211722,45.85840901673312],[-123.18508679412456,45.85840338964018],[-123.18507923595163,45.85839774977355],[-123.18507421971621,45.85839403044864],[-123.18506917126413,45.8583903109717],[-123.18506156744124,45.858384740581364],[-123.18505390840781,45.85837917417377],[-123.18504881971292,45.85837550244248],[-123.1850411401692,45.85836999232437],[-123.18503337341495,45.85836446352656],[-123.18502824971073,45.85836084121974],[-123.18502049058522,45.858355391463526],[-123.18501265098374,45.858349929172675],[-123.18500744169602,45.858346322356375],[-123.18499958686044,45.85834091893308],[-123.18499174458992,45.85833556292928],[-123.18498380477025,45.85833018758558],[-123.18497587095246,45.85832485711315],[-123.18496784859443,45.85831950709152],[-123.18496254058967,45.85831599168856],[-123.18495718831471,45.85831246651097],[-123.18494918143324,45.858307225055675],[-123.18494108485294,45.85830196677879],[-123.18493298101953,45.85829674557896],[-123.18492489228227,45.858291570839526],[-123.1849167035076,45.858286378618466],[-123.18490848208585,45.85828120425935],[-123.1849030349524,45.858277797411716],[-123.18489755431526,45.85827439044178],[-123.18488930560346,45.858269292334114],[-123.18488102321425,45.85826421751371],[-123.18487266030633,45.858259129259274],[-123.18486712994431,45.85825578735892],[-123.18486158997173,45.85825246008507],[-123.18485039167247,45.858245782179324],[-123.18484198564066,45.85824081645466],[-123.18483353786739,45.85823586700272],[-123.18482503226697,45.85823092069391],[-123.18481942167607,45.858227679679466],[-123.18480802427251,45.85822114953013],[-123.18480233543453,45.85821791573375],[-123.18479375350879,45.8582130711204],[-123.18478803502566,45.8582098641184],[-123.18477945755532,45.85820508601709],[-123.18477078536687,45.85820029391122],[-123.18476211356139,45.85819553690449],[-123.1847563269505,45.85819238729733],[-123.1847475883066,45.858187660649214],[-123.18473888590657,45.85818299167314],[-123.1847300994264,45.85817831564715],[-123.18472134378548,45.858173692017424],[-123.18471250033191,45.858169064125136],[-123.18470366382455,45.858164473880194],[-123.18469480942575,45.85815991375758],[-123.18468289226837,45.858153832277054],[-123.1846739826541,45.858149330149466],[-123.18466203957638,45.85814335369484],[-123.18465301018733,45.858138879553934],[-123.1846440340294,45.85813446809183],[-123.18463500549176,45.858130065947634],[-123.18462592603255,45.85812567668837],[-123.18461684579758,45.858121325255894],[-123.18460771322574,45.85811698404051],[-123.1845986259063,45.858112700287904],[-123.1845863861192,45.85810698638064],[-123.18457718052584,45.85810273508083],[-123.18456796729394,45.85809851276486],[-123.18455874925418,45.85809432476836],[-123.18454942105267,45.858090123125706],[-123.18454327088399,45.85808737444957],[-123.18453394173285,45.85808323404297],[-123.18373838172367,45.85773259548393],[-123.1837328706888,45.85773019921735],[-123.18372735840617,45.857727830886375],[-123.1837218081992,45.857725477839296],[-123.1837162278324,45.857723140796],[-123.1837106581,45.85772083771401],[-123.18370506245364,45.857718558639256],[-123.18369938281252,45.85771627431269],[-123.1836937925635,45.85771405452681],[-123.18368813946732,45.857711840701036],[-123.18368241575924,45.85770963211532],[-123.18367672482063,45.85770746237836],[-123.18367098021456,45.857705301989185],[-123.1836681577554,45.85770425394549],[-123.18366240486428,45.85770213605876],[-123.18365665205508,45.857700046976994],[-123.18365084703657,45.85769797081005],[-123.18364505917265,45.857695930253456],[-123.18363925298823,45.857693910827074],[-123.18363343903566,45.85769191768725],[-123.18362759771097,45.857689944987605],[-123.18362170151742,45.85768798346402],[-123.18361586430302,45.8576860700831],[-123.18360993035246,45.85768415444676],[-123.18360401750301,45.857682276129566],[-123.18359813592204,45.85768043219478],[-123.1835921839858,45.85767859889545],[-123.18358623466263,45.85767679344209],[-123.18358025011722,45.85767500591042],[-123.18357422511613,45.85767323462152],[-123.18356831378831,45.857671523708746],[-123.18356225373238,45.85766980094496],[-123.1835562707158,45.85766812680471],[-123.18354715252148,45.857665628831846],[-123.18354111806168,45.85766401079884],[-123.18353503276498,45.85766240744913],[-123.18352893442373,45.85766082780779],[-123.18352281402933,45.857659272083964],[-123.18351681357167,45.85765777298995],[-123.18350752332205,45.85765550406443],[-123.18350134628992,45.85765403067451],[-123.18349526315589,45.857652608217435],[-123.18348904321863,45.85765118083417],[-123.18348291838086,45.85764980255537],[-123.18347668157716,45.85764842687573],[-123.1834705112603,45.85764709466338],[-123.18346426012134,45.857645769728386],[-123.18345805590802,45.85764448331346],[-123.18345183744877,45.85764322243518],[-123.18344556296185,45.857641975460496],[-123.18343934445214,45.85764076769591],[-123.18343302843252,45.85763956849638],[-123.18342680339471,45.85763841309565],[-123.18342052511701,45.857637276034815],[-123.18341420784155,45.85763615878377],[-123.18300297489253,45.85756516499546],[-123.18299581619267,45.85756393672107],[-123.18298157467353,45.85756153152283],[-123.18296725666009,45.85755917040899],[-123.18295300234185,45.85755687533158],[-123.18293865582909,45.857554619301624],[-123.18292431458492,45.85755241986167],[-123.18291358428912,45.85755080816998],[-123.18290286591423,45.8575492304091],[-123.18288845078087,45.85754715691064],[-123.18287404327602,45.85754513544625],[-123.18286324728308,45.857543659408115],[-123.18284889252806,45.85754174474304],[-123.18283441057382,45.857539864536385],[-123.18282362640446,45.857538501648264],[-123.18280918016995,45.857536722334615],[-123.18279471711146,45.857534995622665],[-123.18278023594202,45.857533321542185],[-123.18276569646628,45.85753169472463],[-123.18275484637735,45.85753051700568],[-123.18274034631102,45.85752898739454],[-123.18272582041172,45.8575275105941],[-123.18271129197309,45.85752608876442],[-123.18269674284925,45.857524719625964],[-123.18268214562929,45.85752339571292],[-123.18267126646333,45.85752244641749],[-123.18265669591085,45.85752122270732],[-123.18264211625575,45.857520051419485],[-123.18262752882778,45.85751893342341],[-123.18261293491368,45.85751786868919],[-123.1825983617536,45.85751686108573],[-123.18258375345223,45.85751590020737],[-123.18256913759146,45.85751499711695],[-123.18255445690359,45.857514139640124],[-123.18254352075685,45.85751353644063],[-123.18252887570186,45.857512778058314],[-123.18251792491515,45.85751224631379],[-123.18250328679495,45.857511579590096],[-123.18248867333209,45.85751097080677],[-123.18247401456006,45.85751041168517],[-123.18245935058857,45.85750990579557],[-123.18244463753253,45.85750945145572],[-123.1824336602827,45.857509148973975],[-123.18242269860022,45.857508875837325],[-123.18240802546033,45.857508556500136],[-123.18239333558087,45.857508291562915],[-123.18238236753095,45.857508128397384],[-123.18236768986169,45.857507957696946],[-123.18235300952387,45.857507839269566],[-123.1823383355689,45.85750777380532],[-123.18232369386433,45.857507763404584],[-123.18230901349867,45.857507807012354],[-123.18229433170855,45.85750790196401],[-123.18227965891775,45.857508050718344],[-123.18226497710886,45.85750825369341],[-123.18225036474384,45.85750850816832],[-123.18223562247127,45.85750882146976],[-123.18222101896771,45.85750918106135],[-123.18220636144476,45.85750959681826],[-123.18218799688577,45.8575101949207],[-123.18217337726387,45.85751073042374],[-123.18215871902325,45.85751132083448],[-123.18214401701599,45.85751196627229],[-123.18213306969555,45.857512483170495],[-123.18211846856973,45.857513218086844],[-123.18210383011196,45.85751400788098],[-123.18208915179109,45.85751485351182],[-123.18207821928627,45.85751551949799],[-123.18206359941944,45.85751645649213],[-123.18204897696859,45.85751744755774],[-123.18203802921371,45.85751822642183],[-123.18186809045841,45.85753068119196],[-123.18186796077394,45.85753069050253],[-123.18181495640293,45.857534617402194],[-123.18174531715789,45.85753991597872],[-123.18164100593705,45.85754813805744],[-123.18157549925611,45.857553479286565],[-123.18150614926635,45.85755928053317],[-123.1814253217487,45.857566235623274],[-123.18134689551161,45.857573185363556],[-123.18134444638156,45.857573404218925],[-123.18134352142616,45.857573487791534],[-123.18134015124431,45.85757379102907],[-123.18133677977544,45.85757409429638],[-123.1813334095935,45.85757439753373],[-123.18133003953974,45.85757470346866],[-123.18132666807075,45.85757500673565],[-123.18132329801692,45.857575312670406],[-123.18131992667603,45.857575618634904],[-123.18131655662211,45.85757592456944],[-123.18131318656815,45.8575762305039],[-123.18130981535535,45.85757653916578],[-123.1809856174081,45.85760604283591],[-123.18078957126687,45.85762144574625],[-123.18056113330208,45.857633287471955],[-123.18033219652015,45.8576386164018],[-123.18010313688085,45.85763742561776],[-123.18004328179843,45.857635407944954],[-123.18004308204316,45.85755369852599],[-123.18003918990814,45.857553591623834],[-123.18003529644345,45.85755348385213],[-123.18003421765536,45.85711197244001],[-123.17824069604114,45.85703254611765],[-123.17821497345236,45.85703300261156],[-123.17820917284035,45.85713647614504],[-123.17820902737559,45.857422517672006],[-123.17770288841558,45.85738315318933],[-123.17752360887758,45.85711474099724],[-123.17744673780187,45.85699737653149],[-123.17686253761993,45.85694886911162],[-123.17609417271714,45.85688506467422],[-123.17589581857338,45.85692118092267],[-123.17569120914975,45.856958438175255],[-123.17558430970877,45.85697790265331],[-123.1755160787637,45.85720275926806],[-123.17551392760983,45.857209833482884],[-123.17551361750657,45.857282802627665]]]},"properties":{"boundary_change":"1959-361","initial_date":"7/9/1959","completed_date":"7/10/1959","dor_approved":"No, n/a, or unknown","dor_id":" ","dor_date":"Unknown","image":"1959-02.tif","pdf_url":"https://geospatial-data.vernonia-or.gov/annexations/pdf/1959-02.pdf"}},{"type":"Feature","geometry":{"type":"Polygon","coordinates":[[[-123.19229902082282,45.8583189737518],[-123.19231262684197,45.85845608177115],[-123.19271060284167,45.858456019547255],[-123.19282834631917,45.85845425055772],[-123.1928280936667,45.85831890289476],[-123.19271034671821,45.85831891923069],[-123.19229902082282,45.8583189737518]]]},"properties":{"boundary_change":"1959-361","initial_date":"7/9/1959","completed_date":"7/10/1959","dor_approved":"No, n/a, or unknown","dor_id":" ","dor_date":"Unknown","image":"1959-02.tif","pdf_url":"https://geospatial-data.vernonia-or.gov/annexations/pdf/1959-02.pdf"}},{"type":"Feature","geometry":{"type":"Polygon","coordinates":[[[-123.1909510246029,45.85495862737199],[-123.19092375101965,45.85495885186056],[-123.19085212910718,45.85496320833132],[-123.19078053286866,45.85496802237523],[-123.19073176042275,45.854969750183024],[-123.19071609254216,45.85497030758704],[-123.19068509862466,45.854971404527966],[-123.19058951603368,45.85497305351756],[-123.19052702233235,45.85497112255689],[-123.19046468468508,45.85496487134249],[-123.19038810642138,45.85495068750097],[-123.19046032503338,45.85511617221009],[-123.19050433461375,45.85521702009727],[-123.19052892927914,45.85530538816542],[-123.19053417488895,45.85539614393611],[-123.19052940719389,45.855579145860084],[-123.1905271012305,45.85576330397036],[-123.1905254996735,45.85594740155869],[-123.19053713997071,45.856022765816604],[-123.19056672901552,45.85609598111579],[-123.19059735452062,45.8561431593373],[-123.19065284488069,45.85620351237573],[-123.19066025738876,45.85620873937532],[-123.19073303972105,45.85620869153855],[-123.19345235488261,45.856206863632124],[-123.1934515556433,45.85561725481776],[-123.19207995648006,45.85512471795564],[-123.1909510246029,45.85495862737199]]]},"properties":{"boundary_change":"1959-361","initial_date":"7/9/1959","completed_date":"7/10/1959","dor_approved":"No, n/a, or unknown","dor_id":" ","dor_date":"Unknown","image":"1959-02.tif","pdf_url":"https://geospatial-data.vernonia-or.gov/annexations/pdf/1959-02.pdf"}},{"type":"Feature","geometry":{"type":"Polygon","coordinates":[[[-123.18552858160098,45.86699151596202],[-123.18567415583973,45.866991503646155],[-123.18692769181294,45.866991399126235],[-123.18704548264178,45.86699138897979],[-123.18716327218337,45.86699137874331],[-123.1899123828896,45.86699109612407],[-123.1905397513569,45.86699102257047],[-123.19066340166985,45.866991012801144],[-123.19073647130185,45.86699099640852],[-123.19274334671847,45.86699073835845],[-123.19297910737389,45.866990703729165],[-123.19484638210726,45.86698869545116],[-123.19576611574972,45.86699027774425],[-123.19670025730852,45.86699473583376],[-123.19807677353815,45.867004544553424],[-123.19825237258821,45.86700222945353],[-123.19937796024554,45.867007649971924],[-123.20095322763683,45.86701521941233],[-123.20097878837596,45.866192623480664],[-123.20099156344665,45.86578132823198],[-123.20100391601113,45.865383740638606],[-123.20101839884647,45.86491760491514],[-123.20103774102155,45.864295065274106],[-123.20108576947456,45.862749136933914],[-123.20112359810517,45.860160643461214],[-123.20110948405247,45.86015703027921],[-123.20110790444842,45.859753532343895],[-123.2011072044941,45.85957450663736],[-123.20110581456777,45.859219758795426],[-123.20114786506007,45.85905352463824],[-123.20114879754712,45.858998098232746],[-123.20120999985379,45.85689469817582],[-123.20122016269387,45.856545397320986],[-123.2012555951647,45.855327555797594],[-123.20125799229919,45.855245160174505],[-123.2012603907567,45.855162765417944],[-123.20076212831918,45.85517600654498],[-123.20033511290686,45.855187347795635],[-123.19993420361065,45.85519800020658],[-123.19978662988294,45.85520191917125],[-123.19939450465542,45.855212334812556],[-123.19900237928323,45.855222749123925],[-123.1984466474229,45.855237504106775],[-123.19711862575558,45.85527275474991],[-123.19693198844413,45.85527770766319],[-123.1960068150563,45.85530225557731],[-123.19073303567772,45.85490927566097],[-123.19073175656203,45.854969750272915],[-123.1907049110462,45.85624022593782],[-123.19069982738938,45.85648076414018],[-123.18946873169325,45.85649500618753],[-123.1890226054154,45.85657703697691],[-123.18782844078424,45.85711003384594],[-123.18783150682385,45.85749147249223],[-123.18736903851219,45.85750258605661],[-123.18733008452556,45.857508411471755],[-123.18615261955131,45.85750957960119],[-123.18615466123032,45.85818719209997],[-123.18540044608295,45.858122979630835],[-123.18539562115801,45.85872580138935],[-123.18539068742858,45.85916560317707],[-123.18538032900462,45.860196578737984],[-123.1853574588559,45.8606328431833],[-123.18535590374306,45.86067629796153],[-123.18535589210002,45.860950609634855],[-123.18535588400337,45.8611151570408],[-123.18537259935297,45.861704769234734],[-123.18535740291469,45.86369326115734],[-123.18535762574972,45.86396754455741],[-123.18535959285077,45.86639494474083],[-123.18535980118367,45.86665416749638],[-123.18536110438504,45.86669530162044],[-123.1853681614461,45.866954520094616],[-123.18531391972114,45.86695456206679],[-123.18531356490064,45.86699050711801],[-123.18552858160098,45.86699151596202]]]},"properties":{"boundary_change":"1891","initial_date":"2/18/1891","completed_date":"2/18/1891","dor_approved":"No, n/a, or unknown","dor_id":" ","dor_date":"Unknown","image":"1891-01.tif","pdf_url":"https://geospatial-data.vernonia-or.gov/annexations/pdf/1891-01.pdf"}},{"type":"Feature","geometry":{"type":"Polygon","coordinates":[[[-123.20108576947456,45.862749136933914],[-123.20117016252544,45.86274933535002],[-123.20260061783826,45.86275269249281],[-123.20279688343429,45.86275315301886],[-123.20328357814495,45.862754289024984],[-123.20367309763587,45.86275519774742],[-123.2040412937291,45.86275605662764],[-123.20454931203014,45.86275723853437],[-123.20466706855757,45.86275751261206],[-123.2059643347405,45.862760518149194],[-123.20619990329737,45.86276106470477],[-123.20627989692666,45.86276124985931],[-123.20628807250634,45.86248706895366],[-123.20634295652498,45.860646021868014],[-123.20639221432629,45.858993556821645],[-123.20513722035653,45.85899466500068],[-123.20474506402294,45.858995006421154],[-123.20435290528306,45.858995350168776],[-123.20396182619781,45.858995691635734],[-123.20341686065541,45.85899616249286],[-123.20297427849552,45.85899654119809],[-123.20277803161315,45.85899671010104],[-123.20238553908881,45.858997045978384],[-123.20212254911095,45.858997270801076],[-123.20199304531587,45.85899738145279],[-123.20160322230863,45.85899771258629],[-123.20114879754712,45.858998098232746],[-123.20114786506007,45.85905352463824],[-123.20110581456777,45.859219758795426],[-123.2011072044941,45.85957450663736],[-123.20110790444842,45.859753532343895],[-123.20110948405247,45.86015703027921],[-123.20112359810517,45.860160643461214],[-123.20108576947456,45.862749136933914]]]},"properties":{"boundary_change":"26-6780","initial_date":"3/27/1926","completed_date":"3/27/1926","dor_approved":"No, n/a, or unknown","dor_id":" ","dor_date":"Unknown","image":"1926-02.tif","pdf_url":"https://geospatial-data.vernonia-or.gov/annexations/pdf/1926-02.pdf"}},{"type":"Feature","geometry":{"type":"Polygon","coordinates":[[[-123.1687998196674,45.85544886222752],[-123.16870273519685,45.8554973607386],[-123.16747552389276,45.85551190495197],[-123.16739707858605,45.85551383868948],[-123.16682798603775,45.85552787116795],[-123.1662583591309,45.855541913165546],[-123.16629778021918,45.85631833979178],[-123.16632123022117,45.857139014805924],[-123.16633931987583,45.85749443259731],[-123.16634289574502,45.85754908870102],[-123.16596561029932,45.85756003475079],[-123.16596827805648,45.85760013999268],[-123.16596925528772,45.857614825194915],[-123.16596363629834,45.8578894614905],[-123.1659439106337,45.85885309862783],[-123.16667447820484,45.858832226831645],[-123.16741173839846,45.85881115725212],[-123.16746105124432,45.85880974738316],[-123.16817751048686,45.858789265465475],[-123.16885823480204,45.858769804953674],[-123.16887499032363,45.85904379084053],[-123.16887692398659,45.85907538523255],[-123.16889452568613,45.85936840194839],[-123.16889623775268,45.859395801039476],[-123.16913378296725,45.859388697376616],[-123.1692320728614,45.85938575789478],[-123.16933038977264,45.85938281770524],[-123.16956983271443,45.85937565851648],[-123.16957487968432,45.8594578551416],[-123.16957660353935,45.85948525125646],[-123.16959380026388,45.85975900720598],[-123.16960922508585,45.860004512021504],[-123.16964014278327,45.86000359450755],[-123.16964255508135,45.860044696729],[-123.16964496725531,45.86008579625207],[-123.16966101352205,45.86035929874293],[-123.16967706367775,45.86063279841574],[-123.16967897716687,45.86067392295068],[-123.1696808914353,45.860715036664416],[-123.16992499345903,45.86071206150326],[-123.17057550719767,45.86068870531027],[-123.17059021289927,45.86096217837363],[-123.17060937053989,45.86131841354942],[-123.1706240926253,45.86159219854618],[-123.1706366265056,45.86182524703713],[-123.17064104571998,45.861907400468255],[-123.17064325893863,45.86194852616128],[-123.17058504140603,45.86195021146739],[-123.17058933224735,45.86202442704702],[-123.17061847269676,45.862528767376986],[-123.17067437016439,45.8625270258438],[-123.17069446087753,45.86284254496042],[-123.1706891088657,45.863530493503255],[-123.17078715027748,45.86352754240591],[-123.17081340356631,45.8636639974026],[-123.17081454070606,45.86399956730769],[-123.17057529651264,45.864006847349664],[-123.17060070486707,45.86441639345799],[-123.17060410380714,45.86447118940889],[-123.17060750661518,45.86452598526933],[-123.17068829386834,45.86452355623583],[-123.17072349698371,45.865119181067165],[-123.16945228713324,45.865101806391756],[-123.16895240728827,45.865099264688],[-123.16870937032257,45.865097942143365],[-123.16790512788515,45.86509356109363],[-123.16751281898019,45.865091422017926],[-123.16749427176131,45.86563974314269],[-123.16746320198487,45.86655833216146],[-123.16743833204838,45.86655445625421],[-123.16643362853803,45.866558927967624],[-123.16540443251102,45.86655951220668],[-123.1643741014368,45.86656009184074],[-123.16134425576647,45.866527068244274],[-123.16133366185018,45.866856678067755],[-123.1613155177119,45.867322765414585],[-123.16210059871332,45.86732685826608],[-123.16210158340387,45.867234717797245],[-123.16342562119127,45.86724160761901],[-123.16342995004534,45.86723869652289],[-123.1634363182925,45.866949598677564],[-123.16343813043817,45.86686733510702],[-123.16548105707572,45.866878560860556],[-123.16745202742679,45.86688869673865],[-123.16818938891386,45.866893130825964],[-123.16818776041488,45.86697520764765],[-123.1681836097713,45.8673865690371],[-123.16818131429183,45.86761418895501],[-123.16817901493222,45.867841808941854],[-123.1681768019869,45.868061365497596],[-123.1698777842113,45.86807165420473],[-123.1698792672069,45.86792395055127],[-123.16988024933893,45.86782611504604],[-123.16988112828213,45.867738434541586],[-123.16988456695626,45.867395614558895],[-123.16988869607587,45.866984223613656],[-123.17049694869252,45.86698742792004],[-123.17110520523975,45.866990628938],[-123.17340939471538,45.86700273014245],[-123.17313269915674,45.86761657452093],[-123.1731280722999,45.867626839543654],[-123.17306904580698,45.86775779136486],[-123.17291926983583,45.868090056428606],[-123.17276291673075,45.86843691183037],[-123.17259780420893,45.868803191725654],[-123.17220091912198,45.86968360953126],[-123.17208305157268,45.86994507088522],[-123.17137705815747,45.869939456978756],[-123.16985916718899,45.8699273780168],[-123.16985700631186,45.87014266996002],[-123.16985474437222,45.8703681078274],[-123.17188479615292,45.87038484999123],[-123.17213082004135,45.870386876036406],[-123.17202478811917,45.870622099675515],[-123.1734994539069,45.87063229925319],[-123.17359383678267,45.87063295050992],[-123.17359790173407,45.87053115020631],[-123.17362296347842,45.87035449755631],[-123.17370439632158,45.87014961308067],[-123.17378784353423,45.869944744945336],[-123.1738719568856,45.86973975148641],[-123.1738875870375,45.86970165835369],[-123.17388819293005,45.869534200652566],[-123.17393184978692,45.869412088520704],[-123.17397419512596,45.869329220991204],[-123.17409310877514,45.8691245143282],[-123.1742125088856,45.86891293390828],[-123.17421413468281,45.86890996069684],[-123.17429892076171,45.86877615109414],[-123.17453597677238,45.86845648993819],[-123.17475254503853,45.868199321719196],[-123.17477039277836,45.868180355322366],[-123.17484000380168,45.86810421311005],[-123.17498618391282,45.867936764530796],[-123.17519075116583,45.86767568252614],[-123.17550173216983,45.86741182498242],[-123.17575506359316,45.867167018037286],[-123.17588884467247,45.86693509169696],[-123.17591298448275,45.86693526570716],[-123.1759158804301,45.86691807744289],[-123.17591776292073,45.86689614868757],[-123.17591984389595,45.86686954771126],[-123.17592043636202,45.866846773804824],[-123.1759204375684,45.86684239782091],[-123.17590555667213,45.86679454824206],[-123.17589747025308,45.866746882570816],[-123.17588377199729,45.86670342748098],[-123.17586995697063,45.86665998229386],[-123.17586513762242,45.86664865208522],[-123.17585350893103,45.86662133679464],[-123.17583788157386,45.8665825246613],[-123.17583224826181,45.866554656495055],[-123.17582688269532,45.86652675512444],[-123.17581641499484,45.86649193935257],[-123.17580520861716,45.86645722529776],[-123.17579030284385,45.866414661453426],[-123.17578264051174,45.866392970728505],[-123.17577527754892,45.86637213098083],[-123.1757680736203,45.86634660192032],[-123.17576032959076,45.86632112316961],[-123.17571858732984,45.86623963842568],[-123.17566586063971,45.86616107345007],[-123.17562631648349,45.86610531102168],[-123.17560282286394,45.866072182149274],[-123.17553718811355,45.8659843087523],[-123.17546389104776,45.86589226370446],[-123.1753883989933,45.865801071505125],[-123.17531960876242,45.86572174926582],[-123.17524379523631,45.86564561695178],[-123.17516303942917,45.86558204986835],[-123.17515882836864,45.86557873369317],[-123.1750721123778,45.86551303052593],[-123.17497432469247,45.86543054597865],[-123.17496358130686,45.86542148182809],[-123.17488041481566,45.86534589212219],[-123.1748222598398,45.8652878144028],[-123.17476531879198,45.86523017127948],[-123.17476463595051,45.86522952091821],[-123.17469319626554,45.86516179501368],[-123.17462186845172,45.86509400616427],[-123.17456226576677,45.86502122435729],[-123.17450566700391,45.864947222544984],[-123.1744310449808,45.86487970784596],[-123.17435723913708,45.86481176552044],[-123.17432064036467,45.86475380281293],[-123.17428490430244,45.864695553671936],[-123.17424694740652,45.864656563835084],[-123.17421100058598,45.86461672899361],[-123.17416861140376,45.86455474298813],[-123.1741266001682,45.8644926275957],[-123.17405104609935,45.86437940498086],[-123.17397553261804,45.8642661894818],[-123.17393586470389,45.864229883965265],[-123.17393160345156,45.86422588564368],[-123.17389690308042,45.864193309137534],[-123.17387398198332,45.864139757858865],[-123.17385338160116,45.86408577210414],[-123.17383572492751,45.86405771293545],[-123.17381896732148,45.86402937460603],[-123.17380183561198,45.86397035561393],[-123.17378663060789,45.86391107150061],[-123.17375646283453,45.86386023452911],[-123.17373165118673,45.863808466169836],[-123.1737238951887,45.86375554353281],[-123.17371661119165,45.86370260187542],[-123.17370814029674,45.863654387704926],[-123.17370034259197,45.86360610394969],[-123.17369823760914,45.8635419680244],[-123.17369760418593,45.86347777915668],[-123.17369343747684,45.86343351820804],[-123.17368839991597,45.86338928820355],[-123.17368202440083,45.86334567338558],[-123.17367591211237,45.86330203897524],[-123.17366979218411,45.86323945335838],[-123.1736657977907,45.86317680237392],[-123.17366465123196,45.863142979807286],[-123.17366343006552,45.86310915986612],[-123.17366052992062,45.86305641297102],[-123.17365759374243,45.86300366690833],[-123.17365374138294,45.86293022622387],[-123.17365146945478,45.86285674628248],[-123.1736520274258,45.86281557811945],[-123.17365341543264,45.862774415063384],[-123.17365493246842,45.86273001994087],[-123.17365672574833,45.862685635532266],[-123.17365922868854,45.862654922521514],[-123.17366216956768,45.86262423358929],[-123.173661840402,45.86256325594134],[-123.17366140183493,45.8625022808224],[-123.17367453556172,45.862450074078545],[-123.1736865242566,45.86239782269875],[-123.17368791226752,45.862338849722],[-123.17368928856402,45.86227987431408],[-123.17369046654193,45.86223403497229],[-123.17369162538219,45.86218819967318],[-123.1736879523899,45.86215005957027],[-123.17368383664873,45.862111929707545],[-123.17368528969149,45.86208358784112],[-123.17368699409572,45.86205524826226],[-123.17368822599762,45.86199423179225],[-123.17368539486915,45.86193331470003],[-123.17368108200101,45.86190247215881],[-123.17367645251845,45.86187163694044],[-123.17366540203525,45.861789370438316],[-123.17365587422586,45.86170706961429],[-123.17365799895478,45.861654181261336],[-123.17366130611637,45.86160123044907],[-123.17365822527594,45.861553451507866],[-123.17365510930662,45.86150566527639],[-123.17365289579018,45.861459032055016],[-123.17365068991452,45.86141239685572],[-123.17364647766755,45.86136627347568],[-123.17363630970885,45.861320521906485],[-123.173622713032,45.86128213690882],[-123.1736076354974,45.86124415074956],[-123.17359012420505,45.86120320334796],[-123.17357367476765,45.86116206844407],[-123.17355295898871,45.86110072328843],[-123.17353277654638,45.86103929377559],[-123.17350672811402,45.860958019585155],[-123.17350517647067,45.86095328071443],[-123.17348013814774,45.86087681732737],[-123.17346347262612,45.8608421860813],[-123.17346027403981,45.86083553722865],[-123.17343828612651,45.86079468253799],[-123.17342338258868,45.86076153280376],[-123.17340945123223,45.86072817963895],[-123.17340141518639,45.860706016674044],[-123.17339320834468,45.860683892767206],[-123.1733781798542,45.860646962298674],[-123.17336315267045,45.86061003179793],[-123.17335059133882,45.860579160350106],[-123.17333803130796,45.860548288870774],[-123.17332675941282,45.86052059237652],[-123.17331549138984,45.86049289579157],[-123.17330046428813,45.860455965280465],[-123.17328543716349,45.860419033867636],[-123.1732653889067,45.860378592496566],[-123.17325542271816,45.86035813956371],[-123.17324563085131,45.86033804808721],[-123.17322937282493,45.860289574625014],[-123.1732159635304,45.86024069229538],[-123.17320520454506,45.860194229673596],[-123.17320442088905,45.86019085127226],[-123.1731942134253,45.86014781652959],[-123.1731657987931,45.86007466923719],[-123.17314546062356,45.86002494879449],[-123.1731359868765,45.86000177930582],[-123.17312431196787,45.859945009648285],[-123.17311239871847,45.85988826710595],[-123.17309838721289,45.85985677650708],[-123.17308472933172,45.85982521651381],[-123.17307582355626,45.85979132488387],[-123.1730709004401,45.85977253054124],[-123.17306694464854,45.85975742903087],[-123.17305389245243,45.85971956069788],[-123.17304163435894,45.85968156507296],[-123.1730347414819,45.859647897855844],[-123.17302841941942,45.85961417692797],[-123.17301895111966,45.859580022834045],[-123.17301097666856,45.85954571716526],[-123.17300748831806,45.85951429017863],[-123.17300465952894,45.85948283353565],[-123.17300152759479,45.8594367904564],[-123.17299695802,45.859390806728285],[-123.1729957371853,45.85938592336662],[-123.1729886763544,45.85935765774014],[-123.17297878935652,45.859324699811914],[-123.17297760918892,45.85931983171353],[-123.17296963474223,45.85928696638981],[-123.17296018386313,45.85924926142304],[-123.17294662155905,45.85920695779018],[-123.17293949573228,45.8591851797394],[-123.17293279182407,45.85916469274761],[-123.17292356721885,45.85912972371095],[-123.17292147090127,45.859121780044646],[-123.1729103498316,45.85907884291393],[-123.17289961656786,45.85904648608843],[-123.17289056985899,45.85901393902455],[-123.1728837787495,45.85897164534361],[-123.17287713797401,45.85892934278413],[-123.17287435933743,45.85891246131775],[-123.17287207161793,45.85889857252962],[-123.17286827725216,45.85887485398268],[-123.17286448293218,45.85885113633466],[-123.17286581189917,45.85883200025743],[-123.17286966350451,45.85881283555311],[-123.17287191952718,45.85879257166888],[-123.1728733143084,45.85877226828561],[-123.17287233764873,45.85871857390544],[-123.1728693402779,45.85866492355114],[-123.17286673556524,45.858628729264396],[-123.1728660944878,45.85861984632441],[-123.1728628435123,45.858574768316636],[-123.17286339368307,45.858529588905924],[-123.17286517709051,45.85848615530828],[-123.1728652474398,45.8584844036557],[-123.17286195347995,45.85843303230812],[-123.1728481420232,45.858382035601245],[-123.17281762350511,45.8583470242238],[-123.17281484977335,45.858343845774506],[-123.17278250305849,45.858313485785025],[-123.17276606713031,45.858287865716626],[-123.17275551217078,45.85826117252947],[-123.17269071883523,45.85803148099516],[-123.17268018264728,45.858016471310464],[-123.17267234109347,45.85800530986907],[-123.17264702113322,45.857970180943504],[-123.17263993968412,45.85796062321901],[-123.17261633356986,45.85792876386393],[-123.17258516775046,45.85788753067699],[-123.17255689723447,45.85785435501474],[-123.17255412278833,45.857850997432365],[-123.17252375657098,45.857814213528954],[-123.17249234291145,45.85776831571173],[-123.17246146165607,45.85772223273448],[-123.17242608523283,45.85767152393028],[-123.17238982046001,45.85762112642573],[-123.1723492075755,45.85757726060559],[-123.17233879843016,45.85756601807177],[-123.17232256495775,45.857549044367964],[-123.17228657481948,45.857511407391144],[-123.17226067315565,45.85747293581676],[-123.17223890817084,45.857441884529294],[-123.17223392163993,45.857434772855214],[-123.17221012275145,45.85740672310435],[-123.17218632508845,45.85737867152007],[-123.17215269585782,45.85735491891555],[-123.17213317848184,45.85734112956265],[-123.17209757809161,45.857319853104755],[-123.17206900738933,45.85730255513263],[-123.17204080002264,45.85728498499003],[-123.17200988722901,45.85726126857204],[-123.1719800524731,45.8572367827437],[-123.17195850955486,45.85722119113738],[-123.17193601362885,45.85720628771991],[-123.17189949118591,45.85719157441101],[-123.1718633102348,45.85717661733948],[-123.17181662165636,45.857139680341064],[-123.17176991666396,45.857102749105394],[-123.1717218744271,45.85707104302648],[-123.17167338432705,45.85703961824658],[-123.17162508960521,45.85700864534231],[-123.17157529092141,45.856978859461435],[-123.17152112646993,45.85695338299183],[-123.17146602040312,45.85692886178837],[-123.1714008599623,45.8568960667703],[-123.1713359497915,45.85686300486912],[-123.17127474631168,45.85683192957074],[-123.17121508114856,45.85679943775348],[-123.17113635871617,45.85675042709806],[-123.17105930463565,45.85670015984031],[-123.17098496326771,45.856651837334034],[-123.17091106107358,45.8566032093617],[-123.1708678905896,45.85657105818428],[-123.17082508981342,45.85653865989042],[-123.1707844987617,45.85651445832706],[-123.17074369235802,45.85649036075017],[-123.17069392299017,45.85645559381653],[-123.1706467759669,45.85641906755735],[-123.17059629831344,45.856375810780534],[-123.17054727443362,45.85633182812467],[-123.17051538060606,45.8563005604501],[-123.1704834219779,45.85626933837512],[-123.1704499786328,45.856247142882054],[-123.1704154466504,45.8562254100381],[-123.17038291912797,45.85619585838348],[-123.17036330491564,45.85617992305986],[-123.17035448382929,45.85616438203014],[-123.17034020925853,45.85613923202692],[-123.17032418965925,45.8561148857237],[-123.17029810250422,45.85609436928568],[-123.17027155997499,45.85607416673624],[-123.17024967006734,45.85605380898128],[-123.170227420068,45.85603362788232],[-123.17019609928484,45.85601007976575],[-123.1701645398285,45.85598668749148],[-123.17014462786496,45.85596777838642],[-123.17012425013002,45.855949099691635],[-123.17009634018686,45.85592904752239],[-123.17006694808018,45.855910072039926],[-123.17002116686973,45.855882462161695],[-123.1699753383537,45.85585494068009],[-123.16994536198311,45.855835732004806],[-123.16994306180275,45.855834251166414],[-123.16991544454471,45.85581648865264],[-123.16988313545139,45.855804396064656],[-123.16985968032787,45.85578689478104],[-123.16983637376913,45.85576929283747],[-123.16980802487616,45.855755235396025],[-123.1697799032739,45.85574083511567],[-123.16975880351386,45.85572728718071],[-123.16973931410983,45.85571259387594],[-123.16971643092778,45.8556923931006],[-123.16969478000432,45.85567160572238],[-123.1696564494522,45.855630756933124],[-123.16961825343424,45.85558991852768],[-123.16959904278445,45.8555745526],[-123.16958086496508,45.85555868749827],[-123.16955664838397,45.85552764554758],[-123.16954518533385,45.855512950471805],[-123.16941393232894,45.85560369474568],[-123.1693113061067,45.85567464538469],[-123.16922380503412,45.85573005003482],[-123.1687998196674,45.85544886222752]]]},"properties":{"boundary_change":"1964-393","initial_date":"11/7/1963","completed_date":"2/17/1964","dor_approved":"No, n/a, or unknown","dor_id":" ","dor_date":"Unknown","image":"1964-08.tif","pdf_url":"https://geospatial-data.vernonia-or.gov/annexations/pdf/1964-08.pdf"}},{"type":"Feature","geometry":{"type":"Polygon","coordinates":[[[-123.185919430201,45.85813539167381],[-123.18591932273434,45.85808354487012],[-123.18591920809165,45.85802824497284],[-123.18591818287457,45.857531793402096],[-123.18551626804735,45.85756961899582],[-123.18542099831457,45.857578583259325],[-123.1853992357166,45.85758063186133],[-123.1852822444375,45.85759164185312],[-123.18522015281677,45.85759748375805],[-123.18523014651717,45.85762660968907],[-123.18525453537008,45.85769770091261],[-123.18525466393596,45.85769807421939],[-123.18525479117204,45.85769844665677],[-123.18540044608295,45.858122979630835],[-123.18549608510497,45.85813112278324],[-123.18566526646855,45.85814552678236],[-123.18578828163089,45.858155999835965],[-123.18591949599825,45.85816717165213],[-123.185919430201,45.85813539167381]]]},"properties":{"boundary_change":"2019-02","initial_date":"6/24/2019","completed_date":"6/24/2019","dor_approved":"Yes","dor_id":"5-332-2019","dor_date":"4/8/2019","image":"2019-02.tif","pdf_url":"https://geospatial-data.vernonia-or.gov/annexations/pdf/2019-02.pdf"}},{"type":"Feature","geometry":{"type":"Polygon","coordinates":[[[-123.1687998196674,45.85544886222752],[-123.16922380503412,45.85573005003482],[-123.1693113061067,45.85567464538469],[-123.16941393232894,45.85560369474568],[-123.16954518533385,45.855512950471805],[-123.1695336402448,45.85549616698163],[-123.16950785493628,45.85546036758837],[-123.16948264000311,45.85542439657752],[-123.16947343859516,45.855406527300275],[-123.16946342649305,45.855388950412795],[-123.169429300803,45.85534683595152],[-123.16939513354615,45.85530474044504],[-123.16936675044214,45.855269797713184],[-123.16933837505228,45.85523485389634],[-123.16932105805078,45.855212180324706],[-123.16930530231413,45.85518893056199],[-123.16928297363432,45.85515203674364],[-123.16927560565156,45.85513855328538],[-123.16889695048162,45.85540033915428],[-123.1687998196674,45.85544886222752]]]},"properties":{"boundary_change":"2022-07","initial_date":"10/18/2021","completed_date":"12/15/2021","dor_approved":"Yes","dor_id":"5-346-2021","dor_date":"12/9/2021","image":"2022-07.tif","pdf_url":"https://geospatial-data.vernonia-or.gov/annexations/pdf/2022-07.pdf"}},{"type":"Feature","geometry":{"type":"Polygon","coordinates":[[[-123.1684962074804,45.862911017344764],[-123.16844597838465,45.8629125819537],[-123.16804434081725,45.86292508633032],[-123.16802697215053,45.863440111670776],[-123.16818418525158,45.86344099040196],[-123.16847856270138,45.86344289406108],[-123.1684962074804,45.862911017344764]]]},"properties":{"boundary_change":"2023-01","initial_date":"5/2/2022","completed_date":"2/7/2023","dor_approved":"Yes","dor_id":"5-354-2022","dor_date":"5/19/2022","image":"2023-01.tif","pdf_url":"https://geospatial-data.vernonia-or.gov/annexations/pdf/2023-01.pdf"}},{"type":"Feature","geometry":{"type":"Polygon","coordinates":[[[-123.20315121909621,45.86702489096291],[-123.20328357814495,45.862754289024984],[-123.20279688343429,45.86275315301886],[-123.20269875061435,45.86275292234783],[-123.20260061783826,45.86275269249281],[-123.20117016252544,45.86274933535002],[-123.20108576947456,45.862749136933914],[-123.20103774102155,45.864295065274106],[-123.20103712938395,45.864314696421886],[-123.20101839884647,45.86491760491514],[-123.20100391601113,45.865383740638606],[-123.20099156344665,45.86578132823198],[-123.20097878451452,45.86619262357086],[-123.20095322763683,45.86701521941233],[-123.20315121909621,45.86702489096291]]]},"properties":{"boundary_change":"2024-01","initial_date":"9/7/2023","completed_date":"4/11/2024","dor_approved":"Yes","dor_id":"5-339-2021","dor_date":"9/7/2023","image":"2024-01.tif","pdf_url":"https://geospatial-data.vernonia-or.gov/annexations/pdf/2024-01.pdf"}},{"type":"Feature","geometry":{"type":"Polygon","coordinates":[[[-123.19472537650462,45.855997425950136],[-123.19478373969852,45.856005883103414],[-123.19482077511081,45.85600224690808],[-123.19487104797149,45.85599525658662],[-123.19493233393275,45.85599137360918],[-123.19498870885343,45.85599496717504],[-123.19505385421427,45.85599835710927],[-123.19510494311388,45.85599510070841],[-123.1951449048134,45.85599255296672],[-123.19522736062218,45.85599063020745],[-123.19529227178911,45.855989116524334],[-123.19534042938352,45.855984235946636],[-123.1953551946663,45.85598274022734],[-123.19589730963266,45.855897572557055],[-123.19594781338549,45.85588792250273],[-123.19599199551959,45.85587676976335],[-123.19611559909566,45.855843548856086],[-123.19619538629972,45.85581827000392],[-123.19626345438414,45.85578155430574],[-123.19632882549159,45.85574685317758],[-123.19638052832144,45.85571832506719],[-123.19643771681532,45.85568771905826],[-123.19646440367285,45.855661726213995],[-123.19653656682114,45.85565223675073],[-123.19657459877388,45.855629882583905],[-123.19659526970113,45.85560951335715],[-123.19660593409766,45.85558426609092],[-123.19662499597763,45.855574063773695],[-123.19666089118478,45.8555654204019],[-123.19668039335723,45.85554963088448],[-123.19669315793708,45.855539297311736],[-123.19675936224834,45.85546359446222],[-123.19679395317858,45.855427660430095],[-123.19683988781937,45.8553953632936],[-123.19693198844413,45.85527770766319],[-123.1960068150563,45.85530225557731],[-123.1922744466039,45.85502416044443],[-123.19082532985571,45.85491615443921],[-123.19073303567772,45.85490927566097],[-123.19073176042275,45.854969750183024],[-123.19078053286866,45.85496802237523],[-123.19085212910718,45.85496320833132],[-123.19092375101965,45.85495885186056],[-123.1909510246029,45.85495862737199],[-123.191048979377,45.85495782397775],[-123.19117447266134,45.85496235139317],[-123.19126444345335,45.854967838157876],[-123.19135383491373,45.854975683434844],[-123.1914923756786,45.854991214436595],[-123.19163092158274,45.855006581313056],[-123.19172577523425,45.85501663158842],[-123.19182063115015,45.855026674532176],[-123.19188862135337,45.85503385203688],[-123.1919566185232,45.85504101313563],[-123.19201906383351,45.85504670650357],[-123.19208158937325,45.85505210989659],[-123.19215028413589,45.85505982267749],[-123.19221782329038,45.85507169437969],[-123.19226275454928,45.8550829673833],[-123.1923069243699,45.85509542750226],[-123.19235584110353,45.85511014282543],[-123.19240492125462,45.85512452933945],[-123.19245252026002,45.855135252202636],[-123.19250030348003,45.85514565027424],[-123.19256376014464,45.85516241059402],[-123.19262641889404,45.855180646036764],[-123.19267423531464,45.855196031425066],[-123.19272146940301,45.85521228017589],[-123.19277831884128,45.85523285823948],[-123.1928337597809,45.85525518312522],[-123.19288515247824,45.85527958010538],[-123.19293632160064,45.85530415061526],[-123.19301669746957,45.85533881810986],[-123.1930966676397,45.85537394511729],[-123.19315996485474,45.855403309319826],[-123.1932230855751,45.85543286124801],[-123.1932701360783,45.85545505466158],[-123.19331708233808,45.855477357612905],[-123.1933726102001,45.855504625173765],[-123.1934274588554,45.855532561201954],[-123.1934514592616,45.85554586450893],[-123.19348825755539,45.85556625503587],[-123.19354926210063,45.855599752293436],[-123.19358978721755,45.85561899996985],[-123.19363043688953,45.85563813040089],[-123.19368431521455,45.85566481510339],[-123.19373742000299,45.85569224339355],[-123.19378805563814,45.85571992635788],[-123.19383861771266,45.855747659627625],[-123.19388913503366,45.85577483217714],[-123.193903585782,45.85578256320629],[-123.19393976135947,45.855801912141956],[-123.19399244697605,45.85583132248852],[-123.19405970532455,45.855849724538004],[-123.19413093459342,45.855870154025375],[-123.19413938873039,45.8558723389655],[-123.19421806762467,45.85589266677019],[-123.19431081672529,45.855922412398066],[-123.1944001150462,45.855953466308506],[-123.19449023225292,45.855964864390025],[-123.19455760119223,45.855978020650724],[-123.19463894550587,45.85598962314195],[-123.19472537650462,45.855997425950136]]]},"properties":{"boundary_change":"2024-01","initial_date":"9/7/2023","completed_date":"12/30/1899","dor_approved":"Yes","dor_id":"5-339-2021","dor_date":"9/7/2023","image":"2024-01.tif","pdf_url":"https://geospatial-data.vernonia-or.gov/annexations/pdf/2024-01.pdf"}}]}